id,3HSP Source name,BZcat name,R.A.,Dec,NVSS/FIRSTflux density(mJy),X-ray flux d. @ 1keV (μJy),Log(peak flux),γ-ray counterpart,Fermi γ-ray slope,2WHSP name
1,3HSPJ000116.4+293534,,0.31821,29.59278,4.0,,-12.9?,,,2WHSPJ000116.3+293534
2,3HSPJ000117.1-315043,,0.32117,-31.84528,7.2,0.23,-12.3?,,,2WHSPJ000116.9-315043
3,3HSPJ000132.7-415525,,0.38642,-41.92361,13.2,0.34,-11.7,4FGL J0001.6-4156,2.09,2WHSPJ000132.6-415524
4,3HSPJ000158.1-115047,,0.49225,-11.84639,3.3,0.11,-12.5,,,2WHSPJ000158.0-115047
5,3HSPJ000215.2-672653,,0.56329,-67.44806,21.4,0.27,-11.8,4FGL J0002.1-6728,1.95,2WHSPJ000215.1-672653
6,3HSPJ000236.1-081532,,0.65025,-8.25889,29.0,0.19,-12.3,,,2WHSPJ000236.0-081532
7,3HSPJ000319.6-524727,,0.8315,-52.79083,65.3,0.64,-11.9,4FGL J0003.1-5248,1.9,2WHSPJ000319.5-524726
8,3HSPJ000513.7-261438,,1.30717,-26.24389,37.4,,-12.6,,,2WHSPJ000513.6-261438
9,3HSPJ000553.0-284503,,1.47079,-28.75083,5.0,0.07,-12.5,,,2WHSPJ000552.9-284502
10,3HSPJ000626.9+013610,,1.61208,1.60278,7.5,0.12,-12.6,4FGL J0006.4+0135,2.19,2WHSPJ000626.8+013610
11,3HSPJ000701.6+510500,,1.75663,51.08333,4.4,0.15,-12.4,,,2WHSPJ000701.5+510459
14,3HSPJ000949.7-431650,,2.45729,-43.28056,51.0,0.31,-12,4FGL J0009.8-4317,2.1,2WHSPJ000949.6-431650
15,3HSPJ000957.2+134058,,2.48842,13.68278,18.6,0.29,-12.1,,,2WHSPJ000957.1+134058
16,3HSPJ001011.1+334851,,2.54875,33.81417,17.1,0.22,-11.9,,,2WHSPJ001011.7+334851
17,3HSPJ001042.7-130817,,2.67779,-13.13806,2.7,0.06,-12.6,,,2WHSPJ001042.6-130817
18,3HSPJ001253.9-162656,,3.22442,-16.44889,10.1,0.08,-12.3,,,2WHSPJ001253.8-162656
19,3HSPJ001328.1+094930,,3.37,9.825,31.1,0.7,-11.8,1BIGB_J001328.8+094929,2.35,2WHSPJ001328.8+094929
22,3HSPJ001442.1+162126,,3.67533,16.35722,5.7,0.1,-12.8?,,,2WHSPJ001441.9+162125
26,3HSPJ001541.9+121845,,3.92442,12.3125,6.8,0.14,-12.4,,,2WHSPJ001541.8+121845
28,3HSPJ001916.0+053148,,4.81754,5.53,4.0,0.06,-12.9?,,,2WHSPJ001916.1+053148
31,3HSPJ002209.6-670510,,5.53983,-67.08611,,0.12,-12.3?,,,2WHSPJ002209.4-670509
32,3HSPJ002255.0-341347,,5.729,-34.22972,12.2,0.02,-12.5,,,2WHSPJ002254.8-341346
33,3HSPJ002259.0-244022,,5.74596,-24.67278,27.4,,-12.1,,,2WHSPJ002258.9-244022
36,3HSPJ002928.1+205333,,7.36917,20.8925,11.4,,-12.3,4FGL J0029.4+2051,1.46,2WHSPJ002928.6+205332
37,3HSPJ003020.4-164713,,7.58508,-16.78694,9.5,0.13,-11.7,4FGL J0030.2-1647,1.65,2WHSPJ003020.4-164712
39,3HSPJ003120.5-233401,,7.83558,-23.56694,2.8,0.23,-12.1,4FGL J0031.0-2327,2.19,2WHSPJ003120.5-233400
40,3HSPJ003120.8+051333,,7.83663,5.22583,9.1,,-12.1,,,2WHSPJ003120.6+051332
41,3HSPJ003222.6-472536,,8.09404,-47.42667,13.2,0.14,-12.2,,,2WHSPJ003222.5-472536
42,3HSPJ003322.5-203908,,8.34362,-20.65222,8.7,0.77,-11.9,,,2WHSPJ003322.3-203907
43,3HSPJ003333.2+502956,,8.38854,50.49889,16.5,0.52,-12.4,,,2WHSPJ003333.1+502956
45,3HSPJ003358.8+390631,,8.49508,39.10861,5.7,0.18,-12.5,4FGL J0033.9+3858,2.53,2WHSPJ003358.7+390630
47,3HSPJ003532.9-131714,,8.88708,-13.28722,10.6,0.06,-12.2,,,2WHSPJ003532.8-131713
48,3HSPJ003539.6-181651,,8.91508,-18.28083,40.9,0.15,-11.9,,,2WHSPJ003539.5-181650
50,3HSPJ003631.7-031326,,9.13204,-3.22389,20.2,0.19,-12.4?,,,2WHSPJ003631.6-031326
51,3HSPJ003736.2-230225,,9.401,-23.04028,18.1,0.19,-12.5?,,,2WHSPJ003736.1-230225
52,3HSPJ003908.2-222001,,9.78421,-22.33361,117.2,1.09,-11.9,4FGL J0039.1-2219,1.72,2WHSPJ003908.2-222000
54,3HSPJ004040.9-232200,,10.17029,-23.36667,18.7,,-12,,,2WHSPJ004040.7-232200
57,3HSPJ004143.2+083318,,10.43017,8.555,5.1,0.09,-12.4,,,2WHSPJ004143.1+083317
58,3HSPJ004147.0-470136,,10.44592,-47.02667,16.6,0.5,>-11.8,1BIGB_J004146.9-470136,1.73,2WHSPJ004146.9-470136
59,3HSPJ004202.4-143600,,10.50992,-14.6,17.6,0.06,-12.6,,,2WHSPJ004202.2-143559
61,3HSPJ004322.1+180846,,10.845,18.14611,20.2,0.18,-12.4,,,2WHSPJ004322.8+180845
62,3HSPJ004332.5+754518,,10.88558,75.755,3.0,0.08,-12.2,,,2WHSPJ004332.5+754517
63,3HSPJ004334.1-044300,,10.89217,-4.71667,29.8,0.47,-11.8,4FGL J0043.5-0442,1.73,2WHSPJ004334.0-044300
64,3HSPJ004348.7-111607,,10.95271,-11.26861,24.9,0.16,-11.6,4FGL J0043.7-1116,1.59,2WHSPJ004348.6-111606
65,3HSPJ004501.6+051215,,11.25658,5.20417,9.0,0.17,-12.5,,,2WHSPJ004501.4+051215
67,3HSPJ004554.8-172328,,11.47821,-17.39111,3.8,0.23,-12.1,,,2WHSPJ004554.7-172327
68,3HSPJ004603.3+401346,,11.51362,40.22944,15.0,0.02,-12.9,,,2WHSPJ004603.1+401345
69,3HSPJ004715.0-811135,,11.81292,-81.19306,9.4,0.13,-12.4,,,2WHSPJ004715.1-811135
72,3HSPJ004859.2+422351,,12.24646,42.3975,4.3,,-12.1,4FGL J0049.1+4223,1.77,2WHSPJ004859.0+422351
73,3HSPJ004927.8+395003,,12.366,39.83417,53.4,,-12.4,,,2WHSPJ004927.7+395003
74,3HSPJ004929.9-241844,,12.37471,-24.31222,10.0,0.12,-12.4,,,2WHSPJ004929.8-241843
75,3HSPJ004938.9-415137,,12.41204,-41.86028,58.7,0.19,-12,4FGL J0049.5-4150,2.15,2WHSPJ004938.8-415137
76,3HSPJ005015.5-461811,,12.56454,-46.30306,29.9,0.06,-12.5,,,2WHSPJ005015.4-461811
77,3HSPJ005040.9-254123,,12.67058,-25.68972,57.2,0.14,-12.2,,,2WHSPJ005040.9-254122
78,3HSPJ005048.5-342850,,12.70229,-34.48056,6.3,0.07,-12.5,,,2WHSPJ005048.4-342850
80,3HSPJ005235.4-574636,,13.14767,-57.77667,7.8,0.14,-12.2,,,2WHSPJ005235.4-574636
82,3HSPJ005410.1+473611,,13.54192,47.60306,9.3,0.88,-12.3,,,2WHSPJ005410.0+473611
83,3HSPJ005425.4-361131,,13.60596,-36.19194,26.2,0.05,-12.5,,,2WHSPJ005425.3-361130
87,3HSPJ005553.6+121733,,13.97325,12.2925,27.4,0.15,-12.4,,,2WHSPJ005553.5+121733
91,3HSPJ005813.8-142929,,14.55746,-14.49139,9.4,0.15,-12.4,,,2WHSPJ005813.6-142929
95,3HSPJ010010.7-023451,,15.04467,-2.58083,11.6,0.14,-12.2,,,2WHSPJ010010.6-023450
96,3HSPJ010116.3+273058,,15.31779,27.51611,4.6,0.08,-12.7,,,2WHSPJ010116.2+273057
98,3HSPJ010250.9-200158,,15.71225,-20.03278,64.9,0.41,-12.2,4FGL J0102.7-2001,1.55,2WHSPJ010250.8-200158
101,3HSPJ010353.2+351322,,15.97175,35.22278,4.1,0.17,-12.4,,,2WHSPJ010353.2+351322
102,3HSPJ010501.9+503320,,16.25779,50.55556,11.9,0.48,-12.1,,,2WHSPJ010501.8+503320
103,3HSPJ010528.1-171222,,16.36717,-17.20611,7.0,0.21,-12.4,,,2WHSPJ010528.0-171221
104,3HSPJ010547.2+393922,,16.44662,39.65611,4.9,0.28,-12.3,2FGL J0105.3+3930,2.21,2WHSPJ010547.0+393921
105,3HSPJ010956.6-402050,,17.48571,-40.34722,96.0,0.4,-11.9,4FGL J0110.0-4019,1.73,2WHSPJ010956.5-402049
107,3HSPJ011009.7+042420,,17.54054,4.40556,62.1,0.12,-12.7?,,,2WHSPJ011009.7+042420
110,3HSPJ011231.4-750617,,18.13083,-75.10472,18.4,,-12.2,4FGL J0112.8-7506,2.17,2WHSPJ011231.3-750616
112,3HSPJ011314.3-190807,,18.30967,-19.13528,23.4,0.03,-12.5,,,2WHSPJ011314.2-190807
114,3HSPJ011533.4-030333,,18.889,-3.05917,5.4,,-12.8?,,,2WHSPJ011533.3-030333
116,3HSPJ011555.5-274431,,18.98108,-27.74194,17.3,0.61,-11.9,4FGL J0116.0-2745,2.02,2WHSPJ011555.3-274430
117,3HSPJ011637.1-281146,,19.15442,-28.19611,54.1,0.26,-12.2,4FGL J0116.5-2812,2.29,2WHSPJ011637.0-281145
118,3HSPJ011724.4-222759,,19.35158,-22.46639,4.8,0.23,-12.3?,,,2WHSPJ011724.2-222759
120,3HSPJ011823.3+324325,,19.59696,32.72361,21.0,,-12,,,2WHSPJ011823.2+324324
121,3HSPJ011828.7-511527,,19.61975,-51.2575,,0.22,-12.3,,,2WHSPJ011828.6-511527
122,3HSPJ011831.0-142957,,19.63087,-14.49917,29.6,0.28,-11.9,,,2WHSPJ011831.3-142957
123,3HSPJ011904.6-145858,,19.76921,-14.98278,5.5,0.63,-11.7,4FGL J0119.0-1458,1.79,2WHSPJ011904.6-145858
124,3HSPJ012048.0+212853,,20.20129,21.48139,10.4,0.08,-12.5,,,2WHSPJ012048.3+212853
131,3HSPJ012443.7-314342,,21.18217,-31.72833,13.5,0.22,-12.2,,,2WHSPJ012443.6-314341
132,3HSPJ012523.1-292047,,21.34792,-29.34639,5.4,0.05,-12.5,,,2WHSPJ012523.5-292047
133,3HSPJ012629.6-350505,,21.62317,-35.08472,5.7,,-12.5?,,,2WHSPJ012629.5-350504
134,3HSPJ012652.2+003308,,21.71737,0.55222,1.1,,-12.6,,,2WHSPJ012652.0+003307
136,3HSPJ012713.9+032300,,21.80808,3.38333,16.1,0.56,-11.8,4FGL J0127.2+0324,1.9,2WHSPJ012713.9+032259
137,3HSPJ012722.1+211442,,21.84213,21.245,10.0,0.12,-12.6,,,2WHSPJ012722.0+211442
139,3HSPJ012917.9-034402,,22.32467,-3.73389,4.1,0.34,-12.4,,,2WHSPJ012917.8-034402
144,3HSPJ013309.3-453524,,23.28867,-45.59,16.1,0.09,-12.3,4FGL J0133.2-4533,1.58,2WHSPJ013309.4-453524
145,3HSPJ013312.1-351916,,23.30054,-35.32111,11.1,0.18,-12.4?,,,2WHSPJ013312.1-351915
147,3HSPJ013507.0+025542,,23.77933,2.92833,22.0,0.3,-12.5,4FGL J0135.1+0255,1.68,2WHSPJ013507.0+025541
148,3HSPJ013523.6-272813,,23.84842,-27.47028,8.4,0.33,-12.1,,,2WHSPJ013523.5-272813
149,3HSPJ013548.7-201347,,23.95304,-20.22972,2.6,0.21,-11.9,,,2WHSPJ013548.7-201346
150,3HSPJ013626.7+302011,,24.11121,30.33639,3.6,,-12.8,,,2WHSPJ013626.5+302011
154,3HSPJ013803.7-215530,,24.51554,-21.925,17.7,0.43,>-12,,,2WHSPJ013803.7-215530
155,3HSPJ013834.5+245837,,24.64392,24.97694,12.0,0.1,-12.5,,,2WHSPJ013834.5+245836
157,3HSPJ014347.2-012609,,25.94646,-1.43583,10.2,0.16,-12.7?,,,2WHSPJ014347.0-012608
159,3HSPJ014357.1-651227,,25.99125,-65.2075,18.0,0.08,-12.5,,,2WHSPJ014357.9-651226
160,3HSPJ014522.9+045129,,26.34537,4.85806,7.7,0.05,-12.9,,,2WHSPJ014522.7+045129
161,3HSPJ014557.7-282620,,26.49021,-28.43889,3.9,,-12.6,,,2WHSPJ014557.5-282620
162,3HSPJ014558.0+213504,,26.49167,21.58444,5.8,0.46,-12.1?,,,2WHSPJ014558.0+213503
163,3HSPJ014620.0-024254,,26.58417,-2.715,4.2,0.15,-12.7?,,,2WHSPJ014620.2-024253
165,3HSPJ014715.9-000818,,26.81608,-0.13833,5.0,,-12.7,,,2WHSPJ014715.7-000817
166,3HSPJ014748.1+203715,,26.95292,20.62083,15.2,0.16,-12.6?,,,2WHSPJ014748.7+203714
167,3HSPJ014753.7-602811,,26.97358,-60.46972,8.9,,-12.3,,,2WHSPJ014753.5-602810
170,3HSPJ014918.2+203029,,27.32604,20.50806,42.7,,>-12.1,,,2WHSPJ014918.1+203029
171,3HSPJ015044.1-545005,,27.68542,-54.83472,43.8,,-12.1,4FGL J0150.6-5448,2.12,2WHSPJ015044.5-545004
172,3HSPJ015219.9+364017,,28.08275,36.67139,18.1,,-12.5,,,2WHSPJ015219.7+364017
175,3HSPJ015313.2-110627,,28.30488,-11.1075,7.7,0.27,-12.2?,,,2WHSPJ015313.0-110626
178,3HSPJ015553.6+053309,,28.97354,5.5525,3.8,,-13.1,,,2WHSPJ015553.5+053309
179,3HSPJ015608.0+054510,,29.03417,5.75278,5.5,,-13,,,2WHSPJ015608.2+054510
181,3HSPJ015646.0-474417,,29.19171,-47.73806,28.7,0.12,-11.8,4FGL J0156.8-4744,2.01,2WHSPJ015646.0-474417
183,3HSPJ015700.7-323529,,29.25283,-32.59139,19.1,0.17,-12.2,,,2WHSPJ015700.6-323529
184,3HSPJ015721.6-215852,,29.33983,-21.98111,11.9,0.34,-12.2,,,2WHSPJ015721.4-215851
185,3HSPJ015743.1+003605,,29.43292,0.60139,1.8,,-13?,,,2WHSPJ015743.9+003605
186,3HSPJ015809.9+251540,,29.54142,25.26111,11.5,0.26,-12.2,,,2WHSPJ015809.9+251539
189,3HSPJ015953.6+004815,,29.97329,0.80417,4.8,,-12.8,,,2WHSPJ015953.5+004815
190,3HSPJ015958.1-364313,,29.99225,-36.72028,4.6,0.04,-12.8,,,2WHSPJ015958.0-364313
193,3HSPJ020110.9-434655,,30.2955,-43.78194,45.3,,-12.4,4FGL J0201.1-4347,1.65,2WHSPJ020110.9-434654
194,3HSPJ020121.8-225925,,30.34075,-22.99028,13.2,0.27,-12.2,,,2WHSPJ020121.7-225925
196,3HSPJ020239.1-313338,,30.66542,-31.56056,,,-12.8,,,2WHSPJ020239.7-313338
197,3HSPJ020252.2-022320,,30.71758,-2.38889,68.1,0.56,-12.1,4FGL J0202.9-0225,2.31,2WHSPJ020252.2-022320
198,3HSPJ020314.1-323512,,30.80867,-32.58667,12.6,0.06,-12.4,,,2WHSPJ020313.9-323512
199,3HSPJ020356.1-244454,,30.98358,-24.74833,11.3,0.13,-12.5,,,2WHSPJ020355.9-244453
203,3HSPJ020430.1-213725,,31.12538,-21.62361,8.5,0.05,-12.6,,,2WHSPJ020430.0-213724
210,3HSPJ021205.7-255758,,33.02392,-25.96611,8.9,0.54,-12.1,4FGL J0.212.2-2559,1.93,2WHSPJ021205.6-255757
211,3HSPJ021216.9-022155,,33.07033,-2.36528,25.3,2.29,-11.7,4FGL J0212.2-0219,1.94,2WHSPJ021216.8-022155
215,3HSPJ021409.8-473235,,33.54092,-47.54306,,0.1,-12.3,,,2WHSPJ021409.7-473235
216,3HSPJ021411.1-353733,,33.54962,-35.62583,19.3,0.24,-12.1,,,2WHSPJ021411.7-353732
218,3HSPJ021503.0+032536,,33.76246,3.42667,4.5,0.48,-12.1?,,,2WHSPJ021502.8+032536
219,3HSPJ021515.2-161738,,33.8135,-16.29389,47.9,0.26,-12.1,,,2WHSPJ021515.1-161738
221,3HSPJ021552.3-402343,,33.968,-40.39528,40.1,0.15,-12.3,,,2WHSPJ021552.3-402343
222,3HSPJ021616.6-481626,,34.06925,-48.27389,39.6,0.21,-12,,,2WHSPJ021616.6-481626
225,3HSPJ021729.3-642306,,34.37225,-64.385,17.4,0.02,-12.9,,,2WHSPJ021729.2-642306
228,3HSPJ021915.5-493453,,34.81446,-49.58139,11.3,0.05,-12.3,,,2WHSPJ021915.4-493453
229,3HSPJ021931.2-642151,,34.88012,-64.36417,6.2,0.02,-12.9,,,2WHSPJ021931.2-642151
230,3HSPJ022006.4-391835,,35.02654,-39.30972,3.8,0.02,-12.8,,,2WHSPJ022006.2-391834
232,3HSPJ022105.0+063939,,35.27075,6.66083,62.9,,-12.3,,,2WHSPJ022104.9+063938
233,3HSPJ022211.4-213735,,35.54763,-21.62639,7.9,0.05,-12.6,,,2WHSPJ022211.3-213735
236,3HSPJ022539.1-190035,,36.41542,-19.00972,5.0,0.05,-12.9,,,2WHSPJ022539.7-190034
237,3HSPJ022540.8-561812,,36.41992,-56.30333,13.2,0.08,-12.2,,,2WHSPJ022540.6-561811
239,3HSPJ022657.3+082730,,36.73858,8.45833,33.7,0.19,-12.4,,,2WHSPJ022657.1+082729
241,3HSPJ022855.8-292716,,37.23258,-29.45444,5.8,,-12.7,,,2WHSPJ022855.7-292715
242,3HSPJ022941.2-412051,,37.42158,-41.3475,17.4,0.05,-12.1,,,2WHSPJ022941.1-412050
243,3HSPJ022948.0-512351,,37.45087,-51.3975,11.1,0.05,-12.5,,,2WHSPJ022948.1-512351
244,3HSPJ023006.0+194921,,37.52483,19.8225,29.0,,-12.3,,,2WHSPJ023005.8+194921
245,3HSPJ023109.3-575506,,37.78863,-57.91833,254.4,,-12,4FGL J0231.2-5754,1.68,2WHSPJ023109.1-575505
246,3HSPJ023231.1-251606,,38.12975,-25.26833,4.0,0.05,-12.8,,,2WHSPJ023231.0-251605
247,3HSPJ023237.5+313128,,38.15642,31.52444,4.3,0.53,-12.2,,,2WHSPJ023237.5+313127
250,3HSPJ023341.0+065611,,38.42079,6.93639,34.5,0.22,-11.9,1BIGB_J023340.9+065611,2.05,2WHSPJ023340.9+065611
252,3HSPJ023430.1+804337,,38.62754,80.72694,3.6,0.2,-11.9,1BIGB_J023430.5+804336,1.65,2WHSPJ023430.5+804336
254,3HSPJ023605.6-215543,,39.02317,-21.92861,9.2,0.04,-12.7,,,2WHSPJ023605.5-215542
256,3HSPJ023800.6-390504,,39.50262,-39.08444,65.3,0.11,-12,3FGL J0238.3-3904,1.94,2WHSPJ023800.5-390503
262,3HSPJ024115.5-304140,,40.31454,-30.69444,14.3,0.25,-11.9,,,2WHSPJ024115.4-304139
264,3HSPJ024151.4-160333,,40.46404,-16.05917,22.7,0.18,-12.1,4FGL J0241.9-1603,1.88,2WHSPJ024151.2-160333
267,3HSPJ024507.9+184308,,41.28271,18.71889,3.4,,>-12.1,,,2WHSPJ024507.7+184308
269,3HSPJ024743.3-481545,,41.93062,-48.2625,24.5,0.07,-12.3,,,2WHSPJ024743.3-481545
270,3HSPJ024751.7-225002,,41.96525,-22.83389,3.3,0.21,-12.2,,,2WHSPJ024751.6-225002
271,3HSPJ024752.1+004106,,41.96717,0.685,5.4,,-12.1?,,,2WHSPJ024752.0+004106
274,3HSPJ025024.6+454200,,42.60233,45.7,4.2,0.33,-12.3,,,2WHSPJ025024.4+454200
277,3HSPJ025056.8-324313,,42.73683,-32.72028,11.2,0.11,-11.8,,,2WHSPJ025056.8-324313
278,3HSPJ025057.0-122613,,42.73837,-12.43694,13.8,,-12.3,,,2WHSPJ025057.1-122612
280,3HSPJ025211.1+320432,,43.04792,32.07556,6.6,0.68,-11.8,,,2WHSPJ025211.5+320432
281,3HSPJ025347.2-103135,,43.4465,-10.52639,12.8,0.13,-12.4,,,2WHSPJ025347.0-103135
282,3HSPJ025426.4+160202,,43.60988,16.03389,5.4,0.1,-12.4,,,2WHSPJ025426.2+160202
283,3HSPJ025434.3-454326,,43.64304,-45.72389,16.8,0.05,-12.5,,,2WHSPJ025434.3-454326
284,3HSPJ025448.2-125801,,43.70071,-12.96694,7.7,,-11.9,,,2WHSPJ025448.1-125800
285,3HSPJ025707.9+335730,,44.28279,33.95833,33.0,0.81,-12,4FGL J0257.0+3358,2.1,2WHSPJ025707.7+335729
286,3HSPJ025756.0-271212,,44.48375,-27.20333,7.9,0.06,-12.9,,,2WHSPJ025756.1-271211
289,3HSPJ030036.9-361743,,45.15388,-36.29528,12.2,0.15,-12.4,,,2WHSPJ030036.9-361743
291,3HSPJ030208.9+004626,,45.53721,0.77389,2.6,0.2,-12.3,,,2WHSPJ030208.8+004626
292,3HSPJ030246.3-192425,,45.69304,-19.40694,3.0,0.18,-11.6,,,2WHSPJ030246.3-192424
293,3HSPJ030313.8-705027,,45.80746,-70.84083,37.0,,-12.3,,,2WHSPJ030313.6-705026
299,3HSPJ030544.2+403510,,46.43396,40.58611,10.6,,-12,1BIGB_J030544.1+403509,1.84,2WHSPJ030544.1+403509
300,3HSPJ030718.6-205158,,46.82767,-20.86611,7.5,,-12.6,,,2WHSPJ030718.6-205157
302,3HSPJ030926.0-395927,,47.35854,-39.99083,17.5,0.18,-12.3,4FGL J0309.4-4000,1.88,2WHSPJ030925.9-395926
303,3HSPJ031034.7-501631,,47.64458,-50.27528,12.6,0.03,-11.7,3FGL J0310.4-5015,1.75,2WHSPJ031034.6-501631
304,3HSPJ031103.3-440228,,47.76358,-44.04111,19.6,0.79,-11.7,1BIGB_J031103.1-440227,2.02,2WHSPJ031103.1-440227
305,3HSPJ031205.4+312116,,48.02237,31.35444,4.7,0.35,-12.3,,,2WHSPJ031205.2+312115
307,3HSPJ031235.7-222117,,48.14875,-22.35472,31.7,,-12.1,3FGL J0312.7-2222,1.62,2WHSPJ031235.6-222116
309,3HSPJ031311.5+244533,,48.298,24.75917,9.9,0.33,-12.1,,,2WHSPJ031311.5+244533
310,3HSPJ031421.9-095453,,48.59138,-9.91472,62.9,,-12.2?,,,2WHSPJ031421.8-095452
312,3HSPJ031432.7-090446,,48.63617,-9.07944,14.3,0.21,-12.2,,,2WHSPJ031432.5-090445
317,3HSPJ031615.2-224724,,49.06321,-22.79,6.3,,-12.5,,,2WHSPJ031615.1-224723
319,3HSPJ031746.1+201106,,49.44417,20.185,25.8,0.27,-12.2,,,2WHSPJ031746.6+201105
320,3HSPJ031749.7+010514,,49.45725,1.08722,2.1,,-12.8?,,,2WHSPJ031749.6+010513
321,3HSPJ031855.1+190816,,49.73129,19.13778,5.0,0.28,-12.3,,,2WHSPJ031855.5+190816
324,3HSPJ032009.2-704533,,50.03838,-70.75917,15.0,,>-12,1BIGB_J032009.1-704533,1.75,2WHSPJ032009.1-704533
325,3HSPJ032038.0+112452,,50.15846,11.41444,12.1,0.3,-12.3,1BIGB_J032037.9+112451,2.17,2WHSPJ032037.9+112451
326,3HSPJ032056.4+042448,,50.23492,4.41333,2.8,0.78,-11.7,1BIGB_J032056.2+042447,2.68,2WHSPJ032056.2+042447
327,3HSPJ032102.2-040851,,50.25921,-4.1475,12.7,0.25,-12.1,,,2WHSPJ032102.2-040850
328,3HSPJ032127.4-531056,,50.36412,-53.18222,12.4,,-12.4,,,2WHSPJ032127.3-531055
330,3HSPJ032228.3-504539,,50.61796,-50.76083,16.0,0.05,-12.8,,,2WHSPJ032228.3-504538
334,3HSPJ032523.5-563544,,51.34804,-56.59556,73.3,0.68,-11.8,3FGL J0325.2-5634,2.22,2WHSPJ032523.5-563544
337,3HSPJ032647.3-340447,,51.69729,-34.07972,8.0,0.14,-12,1BIGB_J032647.2-340446,1.99,2WHSPJ032647.2-340446
338,3HSPJ032852.7-571605,,52.21954,-57.26806,,0.65,-11.9,1BIGB_J032852.6-571605,1.6,2WHSPJ032852.6-571605
340,3HSPJ033118.5-615528,,52.827,-61.92444,381.8,0.17,-11.8,3FGL J0331.3-6155,2.08,2WHSPJ033118.4-615527
341,3HSPJ033202.3-703948,,53.00979,-70.66333,21.4,,-12.2,,,2WHSPJ033202.2-703947
348,3HSPJ033612.8-213128,,54.05354,-21.52444,36.0,0.25,-12.3,,,2WHSPJ033612.7-213127
351,3HSPJ033829.3+130215,,54.62196,13.0375,15.7,0.15,-11.5,3FGL J0338.5+1303,1.69,2WHSPJ033829.2+130214
352,3HSPJ033832.0-570448,,54.63342,-57.08,15.4,0.52,-12.1,1BIGB_J033831.9-570447,1.63,2WHSPJ033831.9-570447
353,3HSPJ033851.1-532425,,54.71629,-53.40694,10.4,0.08,-12.5,,,2WHSPJ033851.9-532424
356,3HSPJ034054.7+782258,,55.22804,78.38278,35.1,0.05,-12.2,,,2WHSPJ034054.7+782258
357,3HSPJ034254.2-370737,,55.72575,-37.12694,35.9,0.94,-11.8,,,2WHSPJ034254.1-370736
358,3HSPJ034323.1-761448,,55.84792,-76.24667,19.7,0.06,-12.2,,,2WHSPJ034323.5-761448
359,3HSPJ034402.4+730114,,56.01013,73.02056,73.7,0.22,-11.9,,,2WHSPJ034402.3+730114
361,3HSPJ034427.3-523557,,56.11392,-52.59917,22.2,0.03,-12.2,,,2WHSPJ034427.2-523557
362,3HSPJ034609.4-420505,,56.53929,-42.08472,13.0,0.19,-12.4?,,,2WHSPJ034609.4-420504
363,3HSPJ034656.9-133830,,56.73725,-13.64167,14.3,0.13,-11.8,,,2WHSPJ034656.8-133830
368,3HSPJ035051.3-281632,,57.71383,-28.27556,3.2,0.17,-12.1,3FGL J0351.0-2816,2.04,2WHSPJ035051.2-281632
370,3HSPJ035257.5-683117,,58.23946,-68.52139,409.4,2.78,-11,3FGL J0353.0-6831,1.61,2WHSPJ035257.4-683117
372,3HSPJ035308.5+825631,,58.28525,82.94194,22.8,0.23,-11.8,4FGL J0353.7+8257,1.63,2WHSPJ035308.3+825630
375,3HSPJ035532.7-485134,,58.88642,-48.85944,25.5,0.04,-12.8,,,2WHSPJ035532.6-485133
379,3HSPJ035807.3-545139,,59.53029,-54.86083,30.3,0.04,-12.3,,,2WHSPJ035807.1-545138
383,3HSPJ040126.3-080159,,60.35967,-8.03306,11.7,0.15,-12.3,,,2WHSPJ040126.2-080159
387,3HSPJ040905.0-053235,,62.27092,-5.54306,5.1,0.16,-12.6,,,2WHSPJ040904.9-053235
390,3HSPJ041238.5-392629,,63.16021,-39.44139,7.6,0.22,-12.2,1BIGB_J041238.3-392629,1.93,2WHSPJ041238.3-392629
391,3HSPJ041422.6-035017,,63.59425,-3.83806,33.3,0.13,-12.7,,,2WHSPJ041422.6-035017
392,3HSPJ041458.1-533943,,63.74217,-53.66194,31.4,0.57,-11.5,2FGL J0413.5-5332,2.41,2WHSPJ041458.0-533942
393,3HSPJ041645.3-552529,,64.18863,-55.42472,39.3,0.04,-12.9?,,,2WHSPJ041645.1-552528
395,3HSPJ041855.9+132451,,64.73275,13.41417,14.7,0.87,-12.1,,,2WHSPJ041855.8+132451
396,3HSPJ041949.4+843836,,64.95567,84.64333,3.7,0.12,-12.3,,,2WHSPJ041949.3+843835
399,3HSPJ042026.4-651400,,65.10992,-65.23333,56.9,,-11.8,,,2WHSPJ042026.2-651359
402,3HSPJ042301.2-522716,,65.75513,-52.45444,27.7,0.06,-12.5,,,2WHSPJ042302.4-522739
403,3HSPJ042308.0-315958,,65.78325,-31.99944,5.3,0.08,-12.5,,,2WHSPJ042307.9-315957
404,3HSPJ042344.9-543150,,65.93708,-54.53056,37.9,,-12.6?,,,2WHSPJ042344.2-543142
406,3HSPJ042733.4-183010,,66.88896,-18.50278,15.7,0.32,-11.8,,,2WHSPJ042733.2-183010
410,3HSPJ043046.4+030337,,67.69325,3.06028,9.2,0.25,-12.3,,,2WHSPJ043046.3+030337
411,3HSPJ043145.1+740326,,67.93775,74.05722,30.5,0.19,-11.8,3FGL J0431.6+7403,1.99,2WHSPJ043145.0+740325
412,3HSPJ043154.9-653635,,67.97888,-65.60972,10.1,,-12.3,,,2WHSPJ043154.8-653634
413,3HSPJ043307.5+322840,,68.28142,32.47778,15.2,0.27,-11.7,3FGL J0433.1+3228,1.97,2WHSPJ043307.4+322840
414,3HSPJ043332.9-104232,,68.38704,-10.70889,16.1,0.26,-12.2,,,2WHSPJ043332.8-104232
417,3HSPJ043517.8-262122,,68.824,-26.35611,17.0,0.36,-11.8,1BIGB_J043517.7-262121,2.52,2WHSPJ043517.7-262121
418,3HSPJ043726.1-462500,,69.36212,-46.41667,,0.27,-11.8,,,2WHSPJ043726.8-462500
420,3HSPJ043837.4+311939,,69.656,31.3275,7.3,0.21,-11.8,,,2WHSPJ043837.3+311939
425,3HSPJ044139.2-105735,,70.4135,-10.95972,50.6,,-12.2,,,2WHSPJ044139.1-105734
427,3HSPJ044240.7+614039,,70.66938,61.6775,74.0,0.52,-11.8?,1BIGB_J044240.6+614039,1.95,2WHSPJ044240.6+614039
428,3HSPJ044328.4-415156,,70.86833,-41.86556,26.8,1.2,-11.3,1BIGB_J044328.3-415156,1.94,2WHSPJ044328.3-415156
429,3HSPJ044458.4-583630,,71.24325,-58.60833,,,-12.6,,,2WHSPJ044458.3-583629
430,3HSPJ044627.2-434632,,71.61333,-43.77556,51.1,0.18,-12,,,2WHSPJ044627.1-434632
431,3HSPJ044758.0-354938,,71.9915,-35.82722,12.8,,-12.4,,,2WHSPJ044757.9-354937
433,3HSPJ044855.1-101855,,72.22954,-10.31528,22.6,0.19,-12.3,,,2WHSPJ044855.0-101855
434,3HSPJ044917.0-422342,,72.32104,-42.395,20.0,,-12.4,,,2WHSPJ044916.9-422342
436,3HSPJ045039.3-160212,,72.66367,-16.03667,9.4,,-12.3,,,2WHSPJ045039.1-160212
437,3HSPJ045107.1-232533,,72.78125,-23.42583,13.4,0.75,-12.1,,,2WHSPJ045107.5-232532
439,3HSPJ045215.0+210303,,73.06375,21.05083,15.2,0.23,-12.2,,,2WHSPJ045215.3+210302
440,3HSPJ045249.5-000152,,73.20625,-0.03111,27.7,0.38,-12.4,,,2WHSPJ045249.4-000151
442,3HSPJ045658.6-080530,,74.24396,-8.09167,3.7,0.33,-12.2,,,2WHSPJ045658.5-080530
443,3HSPJ045741.6+062221,,74.42342,6.3725,9.3,,-12.1,,,2WHSPJ045741.5+062220
444,3HSPJ045744.2-014932,,74.43433,-1.82556,10.0,0.44,-12.3,,,2WHSPJ045744.2-014932
446,3HSPJ045823.5-864409,,74.59808,-86.73583,93.1,0.19,-12.2,,,2WHSPJ045823.5-864408
447,3HSPJ045834.8+085643,,74.645,8.94528,20.1,0.86,-12.2,,,2WHSPJ045834.7+085643
453,3HSPJ050240.7-120429,,75.66971,-12.07472,5.3,0.24,-12.4,,,2WHSPJ050240.6-120428
454,3HSPJ050244.1-450455,,75.68667,-45.08194,13.2,0.12,-12.3,,,2WHSPJ050244.8-450454
456,3HSPJ050319.1-390022,,75.8295,-39.00611,4.2,0.1,-12.4,,,2WHSPJ050319.0-390021
459,3HSPJ050419.1-095632,,76.08129,-9.94222,26.4,1.41,-11.6,1BIGB_J050419.5-095631,2.15,2WHSPJ050419.5-095631
461,3HSPJ050552.0-814358,,76.46687,-81.73278,31.6,0.04,-12.5,,,2WHSPJ050552.0-814358
463,3HSPJ050559.7-292630,,76.49871,-29.44167,4.3,0.03,-12.3,,,2WHSPJ050559.5-292630
464,3HSPJ050601.7-382055,,76.50696,-38.34861,23.4,0.2,-12,1BIGB_J050601.6-382054,2.07,2WHSPJ050601.6-382054
466,3HSPJ050643.0-234419,,76.67933,-23.73861,13.9,0.24,-12.4,,,2WHSPJ050643.0-234418
469,3HSPJ050709.0-385948,,76.78879,-38.99667,7.5,0.33,>-12.2,,,2WHSPJ050709.2-385948
470,3HSPJ050727.3-334635,,76.86363,-33.77639,61.2,0.59,-11.8,1BIGB_J050727.1-334635,1.72,2WHSPJ050727.1-334635
472,3HSPJ050813.0-280742,,77.05462,-28.12833,2.9,0.24,-12.4,,,2WHSPJ050813.0-280741
473,3HSPJ050833.4+053109,,77.13912,5.51917,46.8,,-11.8,,,2WHSPJ050833.3+053109
474,3HSPJ050912.9-731755,,77.30367,-73.29861,8.5,,-12.1,,,2WHSPJ050912.7-731754
478,3HSPJ051304.5-022034,,78.26867,-2.34278,9.7,0.53,-12.3,,,2WHSPJ051304.3-022034
479,3HSPJ051427.1-341225,,78.61288,-34.20694,5.8,0.32,-12.2,,,2WHSPJ051426.9-341224
480,3HSPJ051439.2-001104,,78.66313,-0.18444,50.2,,-12.3,,,2WHSPJ051439.1-001103
483,3HSPJ051845.5-572055,,79.68946,-57.34861,39.4,0.27,-12.4,,,2WHSPJ051845.4-572054
484,3HSPJ052026.2-555430,,80.10904,-55.90833,12.8,0.11,-12.3,,,2WHSPJ052026.0-555429
485,3HSPJ052042.0+653351,,80.17492,65.56417,5.4,0.38,-12,,,2WHSPJ052041.8+653351
486,3HSPJ052133.7-295748,,80.39025,-29.96333,8.1,0.1,-12.4,,,2WHSPJ052133.6-295747
488,3HSPJ052343.0-814201,,80.93042,-81.70028,45.0,0.18,-12.4,,,2WHSPJ052343.3-814201
489,3HSPJ052438.0+754000,,81.15829,75.66667,5.4,0.08,-12.3,,,2WHSPJ052437.9+754000
490,3HSPJ052439.8-261554,,81.16567,-26.265,20.5,0.6,-12.1,,,2WHSPJ052439.7-261554
491,3HSPJ052542.4-601340,,81.42675,-60.22778,20.8,0.04,-12.7,3FGL J0525.6-6013,1.73,2WHSPJ052542.4-601340
492,3HSPJ052643.2-180813,,81.67996,-18.13694,14.5,0.24,-12.1,,,2WHSPJ052643.0-180812
493,3HSPJ052645.4-151900,,81.68933,-15.31667,18.0,,-11.4,4FGL J0526.7-1519,1.96,2WHSPJ052645.4-151900
495,3HSPJ052902.6+093435,,82.26067,9.57639,30.7,2.26,-11.5,3FGL J0529.1+0933,2.32,2WHSPJ052902.5+093435
497,3HSPJ053547.4-315342,,83.94737,-31.895,5.2,0.15,-12.6,,,2WHSPJ053547.2-315341
498,3HSPJ053626.9-254748,,84.11204,-25.79667,9.7,0.2,-12.8,1BIGB_J053626.8-254748,1.97,2WHSPJ053626.8-254748
500,3HSPJ053629.9-752412,,84.12438,-75.40333,23.8,0.17,-12.1,,,2WHSPJ053629.8-752411
501,3HSPJ053645.3-255841,,84.18892,-25.97806,2.7,,-12.6,1BIGB_J053645.2-255841,1.81,2WHSPJ053645.2-255841
502,3HSPJ053737.5-233700,,84.40621,-23.61667,8.6,0.11,-12.8,,,2WHSPJ053737.3-233700
503,3HSPJ053737.7-140440,,84.40696,-14.07778,10.5,0.46,-12.3,,,2WHSPJ053737.6-140440
505,3HSPJ053809.8+031556,,84.54079,3.26556,12.4,,-12.4,,,2WHSPJ053809.7+031556
507,3HSPJ053949.6-102938,,84.9565,-10.49389,11.4,,-12.1,,,2WHSPJ053949.4-102938
511,3HSPJ054449.2-193814,,86.205,-19.63722,12.8,0.22,-12.3,,,2WHSPJ054449.1-193813
512,3HSPJ054504.5+065810,,86.26867,6.96944,19.6,0.1,-12.3,,,2WHSPJ054504.3+065809
513,3HSPJ054655.0-685134,,86.73,-68.85944,14.8,0.29,-12,,,2WHSPJ054655.2-685133
515,3HSPJ054746.6-460709,,86.94413,-46.11917,17.7,0.06,-12.8,,,2WHSPJ054746.4-460709
520,3HSPJ055102.0-472429,,87.75837,-47.40806,26.6,,-12,,,2WHSPJ055101.9-472429
522,3HSPJ055411.1-275729,,88.54625,-27.95806,16.3,0.76,-12.1?,,,2WHSPJ055411.0-275729
523,3HSPJ055716.8-061706,,89.32012,-6.285,11.6,1.01,-11.4,1BIGB_J055716.7-061706,1.79,2WHSPJ055716.7-061706
524,3HSPJ055734.0-685341,,89.39292,-68.89472,34.0,0.09,-12.5,,,2WHSPJ055734.3-685340
527,3HSPJ055959.3+640958,,89.99717,64.16611,32.4,0.47,-11.9,4FGL J0559.9+6409,2.04,2WHSPJ055959.2+640957
529,3HSPJ060200.4+531600,,90.50183,53.26667,39.5,0.65,-11.3,4FGL J0602.0+5315,2.03,2WHSPJ060200.4+531600
532,3HSPJ060433.8-403754,,91.14083,-40.63167,13.8,0.18,-12.2,,,2WHSPJ060433.7-403754
533,3HSPJ060450.0+833133,,91.2085,83.52583,3.2,0.06,-12.7,,,2WHSPJ060449.9+833132
536,3HSPJ060736.0-742337,,91.90167,-74.39361,29.9,0.11,-12.6,,,2WHSPJ060736.4-742336
538,3HSPJ061104.1+682956,,92.76717,68.49889,8.8,0.1,-12.3,,,2WHSPJ061104.0+682956
540,3HSPJ061518.3-782830,,93.82621,-78.475,15.5,0.32,-12,,,2WHSPJ061518.1-782829
541,3HSPJ061610.3-173305,,94.04287,-17.55139,6.0,0.81,-12?,FL8Y J0616.1-1732,,2WHSPJ061610.1-173305
546,3HSPJ061949.6+573549,,94.95654,57.59694,2.9,0.58,-11.9,,,2WHSPJ061949.4+573548
547,3HSPJ062040.0+264331,,95.16687,26.72528,82.6,0.87,-11.5,4FGL J0620.7+2643,1.65,2WHSPJ062040.0+264331
552,3HSPJ062550.4+485806,,96.46,48.96833,6.7,0.1,-12.2,,,2WHSPJ062550.3+485805
553,3HSPJ062626.3-171046,,96.6095,-17.17944,12.1,0.58,-11.8,4FGL J0626.4-1712,2.05,2WHSPJ062626.2-171045
554,3HSPJ062636.7-425806,,96.65296,-42.96833,14.1,0.09,-12.2,4FGL J0626.4-4259,1.74,2WHSPJ062636.7-425805
555,3HSPJ062753.4-151957,,96.97237,-15.3325,43.4,1.25,-11.7,3FGL J0627.9-1517,2.72,2WHSPJ062753.2-151956
556,3HSPJ063015.1-201236,,97.56275,-20.21,8.5,0.67,-11.8,1BIGB_J063014.9-201236,1.84,2WHSPJ063014.9-201236
558,3HSPJ063257.1+591541,,98.24125,59.26139,40.0,0.1,-12.3,,,2WHSPJ063257.9+591541
561,3HSPJ063841.4-261744,,99.67267,-26.29556,3.7,0.37,-12.2,,,2WHSPJ063841.4-261744
562,3HSPJ064007.2-125315,,100.02992,-12.8875,225.2,1.7,-10.9,4FGL J0640.0-1253,1.51,2WHSPJ064007.0-125314
566,3HSPJ064443.7-285116,,101.18225,-28.85444,53.5,1.97,-11.9,4FGL J0644.6-2853,2.11,2WHSPJ064443.6-285115
567,3HSPJ064710.0-513547,,101.79183,-51.59639,70.8,2.84,-11.2,4FGL J0647.0-5138,2.19,2WHSPJ064710.0-513547
569,3HSPJ064827.5+711313,,102.11442,71.22028,3.9,0.06,-12.3,,,2WHSPJ064827.4+711313
571,3HSPJ064850.5-694522,,102.21038,-69.75611,40.6,0.68,-11.8,,,2WHSPJ064850.3-694521
572,3HSPJ064933.6-313920,,102.39,-31.65556,7.5,5.37,-11.4,4FGL J0649.5-3139,1.73,2WHSPJ064933.5-313920
576,3HSPJ065105.0+401338,,102.77254,40.22722,32.2,0.2,-11.8,4FGL J0651.0+4013,2.12,2WHSPJ065105.3+401337
577,3HSPJ065200.6-480859,,103.00237,-48.14972,71.7,0.21,-12,4FGL J0652.1-4813,2.04,2WHSPJ065200.4-480858
580,3HSPJ065751.3-284307,,104.46392,-28.71861,65.1,,-12,,,2WHSPJ065751.3-284306
582,3HSPJ065932.9-674350,,104.88717,-67.73056,25.2,0.17,-12,4FGL J0659.6-6742,1.53,2WHSPJ065932.8-674350
594,3HSPJ071525.3-513738,,108.85538,-51.62722,68.8,,-11.9,,,2WHSPJ071525.2-513737
595,3HSPJ071625.7+750700,,109.10692,75.11667,15.9,0.05,-12.6,,,2WHSPJ071625.6+750700
596,3HSPJ071745.1-552022,,109.43775,-55.33944,47.4,0.15,-12.1,4FGL J0717.7-5519,2.16,2WHSPJ071745.0-552021
597,3HSPJ071908.1-705403,,109.78587,-70.90083,20.9,0.1,-12.6,4FGL J0719.1-7055,1.97,2WHSPJ071908.5-705402
598,3HSPJ071959.9+632228,,109.99942,63.37444,49.9,0.02,-12.7,,,2WHSPJ071959.8+632227
602,3HSPJ072348.3+205130,,110.95142,20.85833,43.4,,-11.9,4FGL J0723.7+2050,2.4,2WHSPJ072348.2+205129
603,3HSPJ072406.2+535114,,111.02596,53.85389,17.9,,-11.8,,,2WHSPJ072406.0+535110
608,3HSPJ073049.5-660218,,112.70633,-66.03833,81.3,0.69,-11.5,4FGL J0730.7-6602,1.79,2WHSPJ073049.4-660217
609,3HSPJ073124.3-584122,,112.85113,-58.68944,16.5,0.07,-12.3,,,2WHSPJ073124.1-584121
611,3HSPJ073326.8+515355,,113.36163,51.89861,25.0,1.34,-11.2,4FGL J0733.4+5152,1.74,2WHSPJ073326.7+515354
613,3HSPJ073518.5+034735,,113.82713,3.79306,4.3,,-12,,,2WHSPJ073518.4+034735
614,3HSPJ073522.0+514641,,113.84175,51.77806,2.8,0.11,-12.4,,,2WHSPJ073522.0+514641
619,3HSPJ074322.1-563254,,115.84204,-56.54833,11.7,0.08,-12.4,,,2WHSPJ074322.0-563253
621,3HSPJ074419.1-621100,,116.08254,-62.18333,48.7,0.2,-12.1,,,2WHSPJ074419.7-621059
622,3HSPJ074439.9-011430,,116.16642,-1.24167,3.8,0.14,-12.3,,,2WHSPJ074439.9-011430
624,3HSPJ074642.0-475455,,116.67629,-47.91528,106.7,0.37,-11.3,4FGL J0746.6-4754,2.25,2WHSPJ074642.3-475455
625,3HSPJ074709.5+062306,,116.78958,6.385,34.6,,-12,,,2WHSPJ074709.4+062305
627,3HSPJ074716.2+851208,,116.81767,85.20222,11.4,0.32,-11.8,4FGL J0748.3+8511,1.79,2WHSPJ074716.2+851207
629,3HSPJ074724.7-492633,,116.85308,-49.4425,33.1,0.22,-11.6,4FGL J0747.5-4927,2.27,2WHSPJ074724.7-492633
630,3HSPJ074734.5+612650,,116.89392,61.44722,3.3,0.03,-12.2?,,,2WHSPJ074735.7+612603
635,3HSPJ075212.6+040901,,118.05246,4.15028,8.1,0.24,-11.7,,,2WHSPJ075212.4+040901
636,3HSPJ075329.5+535111,,118.37304,53.85306,42.4,0.1,-12.1,,2.11,2WHSPJ075329.5+535111
638,3HSPJ075722.8+182929,,119.34492,18.49139,3.2,0.12,-12.6,,,2WHSPJ075722.6+182929
639,3HSPJ075936.1+132117,,119.90058,13.35472,5.2,0.97,-11.7,4FGL J0759.6+1321,1.78,2WHSPJ075936.1+132116
641,3HSPJ080015.5+561107,,120.06471,56.18528,9.6,0.05,-12.2,4FGL J0800.3+5611,1.96,2WHSPJ080015.4+561107
644,3HSPJ080136.0+463824,,120.39996,46.64,3.1,0.09,-12.5,1BIGB_J080135.8+463824,2.3,2WHSPJ080135.8+463824
647,3HSPJ080312.0-033600,,120.80042,-3.6,232.2,0.1,-12.2,4FGL J0803.2-0337,2.0,2WHSPJ080312.1-033600
649,3HSPJ080457.7-062426,,121.24058,-6.40722,21.0,0.73,-11.8,4FGL J0804.9-0624,1.9,2WHSPJ080457.7-062425
650,3HSPJ080508.9+685601,,121.28729,68.93361,22.7,0.04,-12.3,,,2WHSPJ080508.8+685600
652,3HSPJ080610.6+020327,,121.54425,2.0575,38.4,,-12.1,,,2WHSPJ080610.6+020327
657,3HSPJ081012.0-703047,,122.55017,-70.51306,8.0,0.1,-12.5,FL8Y J0809.9-7026,,2WHSPJ081011.9-703047
658,3HSPJ081201.9+023733,,123.00775,2.62583,123.4,2.22,-11.5,4FGL J0812.0+0237,1.72,2WHSPJ081201.7+023732
659,3HSPJ081231.3+282056,,123.13025,28.34889,3.8,0.09,-12.3,4FGL J0812.6+2821,2.04,2WHSPJ081231.1+282056
661,3HSPJ081258.4+153152,,123.24329,15.53111,2.9,0.34,-11.8?,,,2WHSPJ081258.3+153151
662,3HSPJ081305.6+714314,,123.27342,71.72056,3.3,0.09,-12.5,,,2WHSPJ081305.5+714314
664,3HSPJ081343.6-754758,,123.4315,-75.79944,21.5,0.14,-12.1,,,2WHSPJ081343.4-754757
666,3HSPJ081435.4+183028,,123.64733,18.50778,0.9,0.09,-12.9,,,2WHSPJ081435.2+183028
668,3HSPJ081603.0-121553,,124.01242,-12.26472,4.3,0.08,-12.3,,,2WHSPJ081602.8-121552
671,3HSPJ081915.3+064221,,124.81392,6.70583,1.8,0.08,-12.8?,,,2WHSPJ081915.3+064220
675,3HSPJ082030.8-031413,,125.12846,-3.23694,4.9,0.34,-12.1,,,2WHSPJ082030.7-031412
677,3HSPJ082130.2+213721,,125.37592,21.6225,3.2,0.02,-12.8,,,2WHSPJ082130.1+213720
678,3HSPJ082253.0+701357,,125.72167,70.2325,112.8,,-11.7,,,2WHSPJ082253.2+701357
679,3HSPJ082314.6-632930,,125.81079,-63.49167,16.3,0.17,-12.1,4FGL J0823.1-6330,1.8,2WHSPJ082314.5-632930
681,3HSPJ082355.6+394747,,125.98179,39.79639,3.2,0.2,-12.3,,,2WHSPJ082355.6+394747
682,3HSPJ082406.5+613619,,126.02721,61.60528,22.8,0.11,-11.9,,,2WHSPJ082406.4+613619
683,3HSPJ082427.9+624938,,126.11613,62.82722,5.7,0.06,-12.4,,,2WHSPJ082427.7+624937
684,3HSPJ082555.3+401332,,126.48033,40.22556,26.9,0.12,-12.4,,,2WHSPJ082555.2+401332
685,3HSPJ082627.9-640415,,126.61608,-64.07083,29.8,2.56,-11.1,4FGL J0826.4-6404,2.34,2WHSPJ082627.7-640414
686,3HSPJ082706.2-070845,,126.77567,-7.14583,174.1,0.9,-11.6,4FGL J0827.0-0708,2.07,2WHSPJ082706.1-070844
692,3HSPJ083010.9+523027,,127.5455,52.5075,5.4,0.09,-12.3,4FGL J0830.0+5231,1.97,2WHSPJ083010.9+523027
693,3HSPJ083015.1-094455,,127.56308,-9.74861,12.9,0.42,-11.8,,,2WHSPJ083015.1-094454
694,3HSPJ083117.4+513350,,127.82233,51.56389,5.4,0.04,-13,,,2WHSPJ083117.2+513350
699,3HSPJ083713.3-185941,,129.30546,-18.99472,38.5,0.06,-12.3,,,2WHSPJ083713.3-185940
702,3HSPJ083952.7-054547,,129.96954,-5.76306,5.3,0.12,-12.1,,,2WHSPJ083952.6-054547
703,3HSPJ083955.1+121702,,129.97963,12.28389,18.2,0.22,-12.1,,,2WHSPJ083955.0+121702
704,3HSPJ084018.9-191028,,130.07858,-19.17444,156.8,0.13,-11.6,,,2WHSPJ084018.7-191027
707,3HSPJ084310.0+503410,,130.79254,50.56944,11.2,0.1,-12.3,,,2WHSPJ084310.2+503409
708,3HSPJ084345.9-194808,,130.94121,-19.80222,8.0,0.07,-12.7,,,2WHSPJ084345.7-194807
709,3HSPJ084452.3+280410,,131.21783,28.06944,1.8,0.15,-12.3,,,2WHSPJ084452.2+280409
716,3HSPJ085242.9+430254,,133.17888,43.04833,19.6,,-12.3,,,2WHSPJ085242.8+430253
718,3HSPJ085315.9+072229,,133.31621,7.37472,6.4,0.2,-12.2,,,2WHSPJ085315.7+072228
719,3HSPJ085406.6+482324,,133.52742,48.39,8.4,0.05,-12.8?,,,2WHSPJ085406.4+482324
722,3HSPJ085440.1+162902,,133.66729,16.48389,1.9,,-12.8,,,2WHSPJ085440.0+162902
725,3HSPJ085627.2+602040,,134.11342,60.34444,16.5,0.05,-12.6?,,,2WHSPJ085627.1+602039
726,3HSPJ085659.2+513554,,134.24687,51.59833,1.5,0.03,-12.9?,,,2WHSPJ085659.2+513553
730,3HSPJ085834.3-071840,,134.643,-7.31111,4.6,0.17,-12.3,,,2WHSPJ085834.3-071839
734,3HSPJ085958.4+560239,,134.99342,56.04417,1.8,0.06,-12.5?,,,2WHSPJ085958.3+560239
735,3HSPJ085958.7+294424,,134.99438,29.74,1.4,0.05,-12.6?,,,2WHSPJ085958.6+294423
737,3HSPJ090051.1-154130,,135.21504,-15.69167,33.2,0.11,-12.2,,,2WHSPJ090051.5-154130
738,3HSPJ090132.0-043001,,135.38354,-4.50028,11.2,0.11,-12.5,,,2WHSPJ090131.9-043001
740,3HSPJ090200.2+431001,,135.50075,43.16694,19.9,0.03,-12.7,,,2WHSPJ090200.1+431000
742,3HSPJ090318.0+344339,,135.82496,34.7275,4.6,,-12.7?,,,2WHSPJ090317.8+344338
743,3HSPJ090416.8+725945,,136.07008,72.99583,14.5,0.11,-12.4?,,,2WHSPJ090416.8+725944
744,3HSPJ090523.1-053146,,136.34621,-5.52944,1.6,0.01,-12.8,,,2WHSPJ090522.9-053145
747,3HSPJ090809.1-072709,,137.03808,-7.4525,10.5,0.09,-12.5,,,2WHSPJ090809.1-072708
748,3HSPJ090812.1+603540,,137.05046,60.59444,9.1,0.04,-12.3,,,2WHSPJ090812.1+603539
749,3HSPJ090849.7+444604,,137.207,44.76778,10.7,0.08,-12.7?,,,2WHSPJ090849.6+444604
750,3HSPJ090858.7-211854,,137.24442,-21.315,10.8,0.16,-11.9,2FGL J0908.7-2119,2.37,2WHSPJ090858.6-211854
756,3HSPJ091222.9-251825,,138.09546,-25.30694,24.6,0.13,-12.1?,,,2WHSPJ091222.9-251824
758,3HSPJ091256.8+520947,,138.23683,52.16306,2.3,,-12.5?,,,2WHSPJ091256.8+520947
761,3HSPJ091326.8+782923,,138.3615,78.48972,9.8,0.04,-12.7,,,2WHSPJ091326.7+782922
762,3HSPJ091408.3-015945,,138.53442,-1.99583,10.4,0.09,-12.4,4FGL J0914.1-0202,2.47,2WHSPJ091408.2-015944
764,3HSPJ091522.5-203625,,138.84388,-20.60694,17.7,0.06,-12.3,,,2WHSPJ091522.4-203624
768,3HSPJ091714.1-034314,,139.31087,-3.72056,32.2,0.35,-12,4FGL J0917.3-0342,1.76,2WHSPJ091714.5-034314
770,3HSPJ091926.2-220042,,139.85929,-22.01167,6.7,0.11,-12.4,3FGL J0919.5-2200,2.2,2WHSPJ091926.2-220042
772,3HSPJ092057.5-225721,,140.23946,-22.95583,14.4,0.92,-11.7,4FGL J0920.9-2256,1.55,2WHSPJ092057.4-225720
773,3HSPJ092113.1+684902,,140.30442,68.81722,25.4,0.03,-12.5,,,2WHSPJ092113.0+684901
774,3HSPJ092252.0+755403,,140.71671,75.90083,7.9,0.12,-12.4,,,2WHSPJ092252.0+755402
775,3HSPJ092339.1+052649,,140.91283,5.44694,18.4,0.12,-12.2?,,,2WHSPJ092339.0+052648
779,3HSPJ092702.3+513733,,141.75979,51.62583,1.7,0.05,-12.8,,,2WHSPJ092702.2+513732
780,3HSPJ092818.5+042109,,142.07692,4.3525,6.8,0.16,-12.4,,,2WHSPJ092818.4+042109
782,3HSPJ093004.0+494331,,142.51671,49.72528,3.2,0.07,-12.8,,1.45,2WHSPJ093004.0+494331
786,3HSPJ093303.0+045235,,143.26417,4.87639,3.6,0.14,-12.4,,,2WHSPJ093303.4+045235
787,3HSPJ093322.0+213211,,143.34162,21.53639,1.2,,-12.8,,,2WHSPJ093321.9+213211
792,3HSPJ093848.6+441644,,144.70246,44.27889,42.9,0.04,-12.9?,,,2WHSPJ093848.4+441644
793,3HSPJ093904.1+491622,,144.76879,49.27278,13.9,,-12.6,,,2WHSPJ093904.5+491622
794,3HSPJ093938.5-031503,,144.91046,-3.25083,2.2,,-12.2,,,2WHSPJ093938.5-031502
797,3HSPJ094309.5+135132,,145.7895,13.85889,12.1,0.06,-12.8?,,,2WHSPJ094309.4+135132
798,3HSPJ094340.7+444215,,145.91975,44.70417,35.5,,-12.6,,,2WHSPJ094340.6+444215
801,3HSPJ094502.0-044833,,146.25846,-4.80917,28.8,0.1,-12.6,,,2WHSPJ094501.9-044833
802,3HSPJ094537.1-301333,,146.40463,-30.22583,5.9,0.13,-12.4,,,2WHSPJ094537.0-301332
803,3HSPJ094606.1+215138,,146.52554,21.86056,5.4,0.08,-12.7,,,2WHSPJ094606.1+215138
805,3HSPJ094630.7+105203,,146.62775,10.8675,11.8,0.29,-12.1,FL8Y J0946.5+1051,,2WHSPJ094630.6+105202
806,3HSPJ094709.5-254100,,146.78967,-25.68333,42.0,0.45,-11.4,4FGL J0947.1-2541,1.95,2WHSPJ094709.4-254059
807,3HSPJ094934.0+480826,,147.39146,48.14056,28.8,,-13.1,,,2WHSPJ094933.9+480826
808,3HSPJ095040.9+383044,,147.67046,38.51222,7.9,0.08,-12.7?,,,2WHSPJ095040.9+383043
810,3HSPJ095202.3-171443,,148.00938,-17.24528,4.8,0.09,-12.6,,,2WHSPJ095202.2-171443
815,3HSPJ095304.3-765802,,148.26812,-76.96722,23.9,0.24,-11.7,4FGL J0953.4-7659,1.91,2WHSPJ095304.3-765801
819,3HSPJ095518.5-294612,,148.82692,-29.77,10.2,0.16,-12,,,2WHSPJ095518.4-294611
820,3HSPJ095549.7+101429,,148.95692,10.24139,2.4,0.03,-12.7,,,2WHSPJ095549.6+101429
821,3HSPJ095622.6-095514,,149.09425,-9.92056,14.4,,-12.2,,1.81,2WHSPJ095622.6-095514
822,3HSPJ095628.0-095719,,149.11754,-9.95528,94.7,0.51,-11.8,4FGL J0956.5-0958,1.68,2WHSPJ095628.2-095719
824,3HSPJ095800.6+473734,,149.50246,47.62611,4.7,,-12.8,2FGL J0957.7+4735,2.54,2WHSPJ095800.4+473733
826,3HSPJ095813.0-675242,,149.55417,-67.87833,39.5,1.21,-11.6,4FGL J0958.1-6753,2.21,2WHSPJ095813.0-675241
827,3HSPJ095849.0+013219,,149.70429,1.53861,1.0,0.19,-12.4,,,2WHSPJ095849.0+013218
828,3HSPJ095849.8+703959,,149.70758,70.66639,31.4,,-12.6,4FGL J0958.8+7039,2.03,2WHSPJ095849.8+703959
829,3HSPJ095904.3-074413,,149.76779,-7.73694,14.2,0.08,-12.2,,,2WHSPJ095904.2-074412
831,3HSPJ095947.8-113725,,149.94908,-11.62361,11.3,0.08,-12.5,,,2WHSPJ095947.6-113724
832,3HSPJ100009.0-000319,,150.03738,-0.05528,5.6,0.04,-13.1,,,2WHSPJ100008.8-000319
833,3HSPJ100202.0+340837,,150.50962,34.14361,18.3,0.05,-12.9,,,2WHSPJ100202.2+340836
835,3HSPJ100313.9+705912,,150.80804,70.98667,5.4,,-12.7?,,,2WHSPJ100313.9+705912
836,3HSPJ100316.7+434401,,150.81946,43.73361,5.7,,-12.9,,,2WHSPJ100316.6+434400
839,3HSPJ100408.2+144909,,151.03404,14.81917,3.5,0.08,-12.3,,,2WHSPJ100408.0+144909
841,3HSPJ100520.5+240504,,151.33529,24.08444,7.0,,-12.4,,,2WHSPJ100520.4+240503
843,3HSPJ100652.9-075545,,151.72037,-7.92917,10.7,,-12.5,,,2WHSPJ100652.7-075545
849,3HSPJ101312.5+083209,,153.30204,8.53583,8.1,,-12.5,,,2WHSPJ101312.4+083208
850,3HSPJ101436.7-210142,,153.65279,-21.02833,9.6,0.19,-12.3,,,2WHSPJ101436.6-210141
852,3HSPJ101514.3-113803,,153.80958,-11.63417,19.4,0.16,-12.4?,,,2WHSPJ101514.2-113803
853,3HSPJ101616.8+410812,,154.07008,41.13667,15.0,0.81,-12,,,2WHSPJ101616.7+410812
854,3HSPJ101619.3-040705,,154.08046,-4.11806,1.9,0.03,-12.6,,,2WHSPJ101619.3-040705
856,3HSPJ101659.8+213316,,154.24904,21.55444,1.1,,-13,,,2WHSPJ101659.7+213315
857,3HSPJ101706.7+520247,,154.27783,52.04639,40.0,0.19,-12.5,4FGL J1017.3+5204,1.93,2WHSPJ101706.6+520247
858,3HSPJ101717.1-154933,,154.32462,-15.82583,13.1,0.08,-12.4,,,2WHSPJ101717.8-154932
861,3HSPJ101858.4+215958,,154.74325,21.99944,4.7,,-12.7?,,,2WHSPJ101858.3+215957
862,3HSPJ102004.7-120959,,155.01967,-12.16639,36.3,0.05,-12.5,,,2WHSPJ102004.6-120959
864,3HSPJ102123.6-300220,,155.34833,-30.03889,6.1,0.28,-12.4,,,2WHSPJ102123.5-300220
868,3HSPJ102251.3+452141,,155.71358,45.36139,2.8,0.06,-12.8?,,,2WHSPJ102251.1+452141
870,3HSPJ102345.6-055523,,155.93983,-5.92306,28.0,0.12,-12.5?,,,2WHSPJ102345.4-055523
872,3HSPJ102404.1-161935,,156.02,-16.32639,18.6,0.07,-12.5,,,2WHSPJ102404.8-161935
874,3HSPJ102519.1-104106,,156.32954,-10.685,4.2,0.05,-12.6,,,2WHSPJ102519.0-104106
879,3HSPJ102704.3+671619,,156.768,67.27194,3.4,0.05,-12.6,,,2WHSPJ102704.3+671618
884,3HSPJ103040.4-203036,,157.66833,-20.51,11.5,0.07,-12.3,4FGL J1030.6-2028,1.89,2WHSPJ103040.3-203036
886,3HSPJ103137.9-260716,,157.90787,-26.12111,20.7,0.54,>-12,,,2WHSPJ103137.7-260715
890,3HSPJ103346.4+370824,,158.44333,37.14,7.5,0.12,-12.2,4FGL J1033.7+3708,2.4,2WHSPJ103346.3+370824
892,3HSPJ103656.0-195424,,159.23313,-19.90667,80.0,0.11,-12.5,,,2WHSPJ103655.9-195423
894,3HSPJ103838.1+675516,,159.65892,67.92111,35.6,0.12,-12.2,,,2WHSPJ103838.0+675515
895,3HSPJ103931.1+545548,,159.87971,54.93,7.8,0.06,-12.6,,,2WHSPJ103931.0+545547
897,3HSPJ104058.4+134150,,160.24325,13.69722,5.6,0.15,-11.8,4FGL J1041.0+1342,1.76,2WHSPJ104058.3+134149
898,3HSPJ104108.6-120331,,160.28575,-12.05861,14.2,0.08,-12.6,4FGL J1041.1-1201,2.11,2WHSPJ104108.5-120330
899,3HSPJ104144.5+594257,,160.43529,59.71583,3.7,,-12.8,,,2WHSPJ104144.3+594256
902,3HSPJ104303.8+005420,,160.76604,0.90556,33.3,0.49,-11.8,4FGL J1042.9+0054,1.73,2WHSPJ104303.7+005420
903,3HSPJ104516.3+275133,,161.31788,27.85917,3.5,0.05,-12.3,,,2WHSPJ104516.2+275133
904,3HSPJ104549.1-414310,,161.4575,-41.71944,129.7,0.28,-12,,,2WHSPJ104549.8-414309
905,3HSPJ104551.2-400041,,161.46313,-40.01139,4.1,0.22,-12.3,,,2WHSPJ104551.1-400041
906,3HSPJ104603.1+754040,,161.51287,75.67778,8.2,0.12,-12.4,,,2WHSPJ104603.0+754040
908,3HSPJ104654.5-002835,,161.72717,-0.47639,2.2,,-13.2,,,2WHSPJ104654.4-002835
911,3HSPJ104756.9-373730,,161.98725,-37.625,7.0,,-11.9,4FGL J1047.9-3738,1.9,2WHSPJ104756.8-373730
912,3HSPJ104810.9+855958,,162.0455,85.99944,13.8,,-12.3?,,,2WHSPJ104810.9+855957
914,3HSPJ104920.1+431525,,162.33625,43.25694,11.2,0.1,-12.6?,,,2WHSPJ104920.7+431524
916,3HSPJ105040.3+331004,,162.66788,33.16778,4.4,,-12.6,,,2WHSPJ105040.2+331004
920,3HSPJ105437.9+202740,,163.65779,20.46111,9.3,0.13,-12.4,,,2WHSPJ105437.8+202739
921,3HSPJ105451.5+162607,,163.7145,16.43528,3.9,0.06,-12.5,,,2WHSPJ105451.4+162607
924,3HSPJ105707.4+551032,,164.281,55.17556,6.0,0.08,-12.4,4FGL J1057.2+5510,1.85,2WHSPJ105707.3+551032
927,3HSPJ105757.7+293714,,164.49025,29.62056,9.4,0.1,-12.5,,,2WHSPJ105757.6+293714
928,3HSPJ105833.8+593218,,164.64067,59.53833,5.8,0.03,-12.9?,,,2WHSPJ105833.7+593217
930,3HSPJ105929.1-191221,,164.87108,-19.20583,45.9,0.23,-11.8,,,2WHSPJ105928.9-191220
934,3HSPJ110253.0-014906,,165.72092,-1.81833,12.7,0.12,-12.4,4FGL J1102.8-0148,1.54,2WHSPJ110252.9-014905
935,3HSPJ110312.9+440116,,165.80367,44.02111,4.5,0.09,-12.6,,,2WHSPJ110312.7+440115
937,3HSPJ110339.0-402402,,165.91292,-40.40056,46.9,0.14,-11.9,,,2WHSPJ110339.1-402402
939,3HSPJ110357.3+261118,,165.98871,26.18833,8.1,0.29,-12.2,4FGL J1104.0+2611,2.17,2WHSPJ110357.1+261117
940,3HSPJ110425.0+423454,,166.10396,42.58167,8.0,0.16,-12.2,,,2WHSPJ110424.9+423454
942,3HSPJ110530.7+311436,,166.37771,31.24333,3.5,0.08,-12.6,,,2WHSPJ110530.6+311435
943,3HSPJ110600.4+375445,,166.5015,37.9125,1.5,,-13.1?,,,2WHSPJ110600.3+375445
944,3HSPJ110651.9+650604,,166.71612,65.10111,3.9,,-12.7?,,,2WHSPJ110651.7+650603
946,3HSPJ110804.9+164820,,167.0205,16.80556,1.5,0.09,-12.7?,,,2WHSPJ110804.9+164820
950,3HSPJ111008.4-392615,,167.53487,-39.4375,18.5,0.11,-12.5,,,2WHSPJ111008.2-392615
952,3HSPJ111112.6+584657,,167.80246,58.7825,32.5,0.07,-12.8?,,,2WHSPJ111112.4+584656
954,3HSPJ111158.1+485701,,167.99542,48.95028,46.1,0.04,-12.5,4FGL J1111.8+4858,1.95,2WHSPJ111158.9+485701
957,3HSPJ111603.5+371036,,169.01442,37.17667,1.4,0.1,-12.3,,,2WHSPJ111603.5+371036
960,3HSPJ111709.8+585921,,169.29063,58.98917,4.6,0.09,-12.3,,,2WHSPJ111709.7+585921
964,3HSPJ111806.9-813619,,169.52867,-81.60528,18.3,0.21,-12.3,,,2WHSPJ111806.7-813619
965,3HSPJ111810.9-164339,,169.54529,-16.7275,19.9,0.14,-12.4,,,2WHSPJ111810.7-164338
970,3HSPJ112313.0-090425,,170.80504,-9.07361,5.8,0.11,-12.7,,,2WHSPJ112313.2-090424
971,3HSPJ112318.1-323218,,170.82521,-32.53833,16.9,0.57,-11.9?,4FGL J1123.1-3233,1.88,2WHSPJ112317.9-323217
974,3HSPJ112410.6-371002,,171.044,-37.16722,12.8,,-12.5,,,2WHSPJ112411.7-371009
975,3HSPJ112414.1+234032,,171.06129,23.67556,1.8,0.26,-12.2,,2.46,2WHSPJ112414.7+234032
977,3HSPJ112502.8-265402,,171.26171,-26.90056,4.5,,-12.1,,,2WHSPJ112502.8-265402
979,3HSPJ112508.6-210105,,171.28596,-21.01806,36.4,0.17,-11.7,4FGL J1125.1-2101,1.78,2WHSPJ112508.5-210105
981,3HSPJ112612.0-203724,,171.54996,-20.62333,22.9,0.76,-12,1BIGB_J112611.8-203723,2.16,2WHSPJ112611.8-203723
982,3HSPJ112635.6-425212,,171.64842,-42.87,19.8,0.79,-12,,,2WHSPJ112635.5-425211
983,3HSPJ112727.0+290829,,171.86337,29.14139,5.2,0.09,-12.7?,,,2WHSPJ112727.1+290829
984,3HSPJ112912.5-101349,,172.30221,-10.23028,5.8,0.08,-12.4,4FGL J1129.2-1014,2.09,2WHSPJ112912.4-101349
985,3HSPJ112946.3+585057,,172.44271,58.84917,3.6,,-13.1,,,2WHSPJ112946.1+585057
986,3HSPJ113032.1-780105,,172.63358,-78.01806,135.8,0.81,-11.3,4FGL J1130.5-7801,1.74,2WHSPJ113031.9-780105
987,3HSPJ113046.1-313807,,172.69225,-31.63528,23.5,0.49,-11.9,4FGL J1130.5-3137,1.28,2WHSPJ113046.0-313807
988,3HSPJ113105.3-094406,,172.77196,-9.735,22.0,0.4,-11.9,4FGL J1131.1-0944,1.84,2WHSPJ113105.2-094405
989,3HSPJ113209.3-473853,,173.03858,-47.64806,18.4,0.81,>-11.6,4FGL J1132.2-4736,2.11,2WHSPJ113209.1-473853
990,3HSPJ113302.9+184704,,173.26229,18.78444,3.9,0.12,-12.3,,,2WHSPJ113302.8+184703
991,3HSPJ113405.9+483904,,173.52467,48.65111,0.8,0.05,-12.7,,,2WHSPJ113405.8+483903
993,3HSPJ113459.5+213456,,173.74808,21.58222,1.7,,-13.1,,,2WHSPJ113459.5+213455
996,3HSPJ113641.1+234726,,174.17133,23.79056,15.4,,-12.3,,,2WHSPJ113641.0+234726
999,3HSPJ113900.8+553035,,174.75321,55.50972,1.4,0.1,-12.4,,,2WHSPJ113900.7+553034
1000,3HSPJ113921.9+312931,,174.84125,31.49194,3.7,0.1,-12.7?,,,2WHSPJ113921.8+312930
1001,3HSPJ113922.3+612644,,174.843,61.44556,,,-13.3,,,2WHSPJ113922.3+612644
1003,3HSPJ114117.6+064123,,175.32333,6.68972,6.0,0.12,-12.5?,,,2WHSPJ114117.5+064122
1004,3HSPJ114118.7+680429,,175.32775,68.07472,22.5,0.03,-12.8,4FGL J1141.4+6805,1.61,2WHSPJ114118.5+680428
1005,3HSPJ114141.1-140754,,175.42417,-14.13167,59.9,0.35,-11.9,4FGL J1141.5-1408,2.18,2WHSPJ114141.8-140754
1006,3HSPJ114221.8+334201,,175.59071,33.70028,5.1,0.05,-12.5,,,2WHSPJ114221.7+334201
1007,3HSPJ114222.6-130643,,175.59429,-13.11194,3.7,0.11,-12.3,,,2WHSPJ114222.6-130642
1008,3HSPJ114352.7+155821,,175.96946,15.9725,8.4,0.11,-12.4,,,2WHSPJ114352.6+155821
1009,3HSPJ114523.4+334744,,176.34742,33.79556,8.2,0.06,-12.5?,,,2WHSPJ114523.2+334744
1012,3HSPJ114709.0-323003,,176.78746,-32.50083,3.9,0.61,-12,,,2WHSPJ114708.8-323002
1013,3HSPJ114746.4+673906,,176.9435,67.65167,7.0,0.02,-13.3,,,2WHSPJ114746.3+673906
1014,3HSPJ114747.1-211640,,176.94962,-21.27778,4.2,0.18,-12.2,,,2WHSPJ114747.8-211640
1016,3HSPJ114830.5-074508,,177.12692,-7.75222,2.7,,-12,,,2WHSPJ114830.4-074507
1018,3HSPJ115017.0+101652,,177.57088,10.28111,26.4,,-12.3,,,2WHSPJ115016.9+101651
1019,3HSPJ115031.8-381832,,177.63238,-38.30889,38.9,,-12.3,,,2WHSPJ115031.6-381832
1022,3HSPJ115244.8+340638,,178.18683,34.11056,1.9,0.04,-12.8?,,,2WHSPJ115244.8+340638
1023,3HSPJ115257.6+241345,,178.24017,24.22917,20.5,,-12.3,,,2WHSPJ115257.6+241345
1027,3HSPJ115520.5-341719,,178.8355,-34.28861,27.9,,-11.6,4FGL J1155.5-3418,1.34,2WHSPJ115520.5-341718
1028,3HSPJ115522.1-135110,,178.84196,-13.85278,4.1,,-12.7,,,2WHSPJ115522.0-135110
1029,3HSPJ115531.3+060855,,178.88046,6.14861,1.7,0.07,-12.8,,,2WHSPJ115531.3+060854
1030,3HSPJ115633.2-225004,,179.13842,-22.83444,17.2,,-12.1,4FGL J1156.6-2248,1.89,2WHSPJ115633.1-225003
1032,3HSPJ115653.2+241246,,179.22162,24.21278,5.8,,-12,,,2WHSPJ115653.0+241246
1034,3HSPJ115803.7-033337,,179.51562,-3.56028,3.5,,-12.5?,,,2WHSPJ115803.7-033337
1035,3HSPJ115853.0+081943,,179.72167,8.32861,7.4,0.2,-12.2,4FGL J1158.9+0818,1.87,2WHSPJ115853.2+081942
1036,3HSPJ115904.4+210209,,179.76821,21.03583,35.6,0.17,-12.2,,,2WHSPJ115904.3+210208
1040,3HSPJ120136.0-060734,,180.40017,-6.12611,4.2,0.13,-12.4,,,2WHSPJ120136.0-060733
1041,3HSPJ120205.8+283326,,180.52404,28.55722,13.2,,-12.6,,,2WHSPJ120205.7+283325
1042,3HSPJ120317.9-392620,,180.82454,-39.43889,80.4,0.44,-12.1,4FGL J1203.4-3925,1.64,2WHSPJ120317.8-392620
1045,3HSPJ120440.3+503927,,181.168,50.6575,10.4,0.01,-13.2,,,2WHSPJ120440.3+503926
1046,3HSPJ120444.8-032144,,181.18671,-3.36222,2.8,,-12.4,,,2WHSPJ120444.8-032143
1047,3HSPJ120454.1+533037,,181.22546,53.51028,5.6,,-12.8,,,2WHSPJ120454.1+533037
1048,3HSPJ120543.3+582933,,181.43029,58.4925,8.6,0.08,-12.9,,,2WHSPJ120543.2+582932
1050,3HSPJ120744.7+314851,,181.93608,31.81417,2.9,0.38,-12.2,,,2WHSPJ120744.5+314851
1054,3HSPJ120850.6+452951,,182.21104,45.4975,3.1,,-12.8,,,2WHSPJ120850.5+452951
1055,3HSPJ120905.2-462948,,182.27163,-46.49667,12.6,0.12,-12.4,4FGL J1209.0-4630,2.25,2WHSPJ120905.1-462948
1059,3HSPJ121038.3-252713,,182.65971,-25.45361,9.6,0.22,-12.2,,,2WHSPJ121038.2-252712
1060,3HSPJ121129.0-072239,,182.87071,-7.3775,20.8,0.15,-12.5,,,2WHSPJ121128.9-072239
1065,3HSPJ121407.5+290328,,183.53133,29.05778,1.5,0.05,-12.5,,,2WHSPJ121407.5+290328
1069,3HSPJ121618.4+205957,,184.07646,20.99917,4.0,0.12,-12.3?,,,2WHSPJ121618.2+205957
1070,3HSPJ121815.8+322344,,184.56567,32.39556,2.2,0.04,-12.8,,,2WHSPJ121815.7+322344
1071,3HSPJ121903.0+402442,,184.76246,40.41167,9.2,0.03,-12.7,,,2WHSPJ121902.8+402442
1072,3HSPJ121919.4+303937,,184.83079,30.66028,67.4,,-12.6,,,2WHSPJ121919.3+303937
1077,3HSPJ122019.1-371414,,185.08254,-37.23722,6.9,,-11.8,4FGL J1220.2-3713,2.05,2WHSPJ122019.8-371413
1078,3HSPJ122033.6+033807,,185.14008,3.63528,1.0,,-13.2,,,2WHSPJ122033.5+033807
1079,3HSPJ122044.6+690525,,185.18567,69.09028,8.2,0.69,-12,3FGL J1218.5+6912,,2WHSPJ122044.5+690525
1081,3HSPJ122114.4+352239,,185.31017,35.3775,13.6,0.07,-12.7,,,2WHSPJ122114.4+352238
1083,3HSPJ122158.1+493413,,185.49196,49.57028,8.9,,-13.1,,,2WHSPJ122158.0+493413
1084,3HSPJ122208.8+030718,,185.53658,3.12167,3.6,0.58,>-11.8,,,2WHSPJ122208.6+030718
1086,3HSPJ122239.4-345841,,185.66412,-34.97806,5.2,,-11.9,,,2WHSPJ122239.2-345841
1087,3HSPJ122304.1+453444,,185.77042,45.57889,4.5,0.03,-12.9,,,2WHSPJ122304.9+453444
1088,3HSPJ122307.2+110038,,185.78017,11.01056,1.6,0.13,-12.3,4FGL J1223.0+1100,1.99,2WHSPJ122307.2+110038
1090,3HSPJ122337.0-303250,,185.90421,-30.54722,8.3,0.35,-11.7,4FGL J1223.6-3032,1.89,2WHSPJ122337.0-303249
1091,3HSPJ122340.1+124203,,185.91729,12.70083,56.5,,-12.6,,,2WHSPJ122340.0+124202
1092,3HSPJ122352.1+302726,,185.96717,30.45722,15.9,,-12.9,,,2WHSPJ122352.0+302725
1098,3HSPJ122525.3-155317,,186.35538,-15.88806,8.1,0.17,-12.4,,,2WHSPJ122525.1-155317
1102,3HSPJ122820.5+155655,,187.08554,15.94861,8.7,,-12.2,,,2WHSPJ122820.5+155654
1103,3HSPJ122903.0-140251,,187.26258,-14.0475,20.7,0.12,-12.3,,,2WHSPJ122902.9-140250
1104,3HSPJ122944.5+164004,,187.43554,16.66778,10.4,0.24,-12.3,,,2WHSPJ122944.5+164004
1112,3HSPJ123353.4+145925,,188.47263,14.99028,3.9,,-12.8,,,2WHSPJ123353.3+145925
1113,3HSPJ123402.4+281502,,188.50987,28.25056,5.6,,-12.3,,,2WHSPJ123402.2+281502
1117,3HSPJ123554.7+055213,,188.97804,5.87028,1.7,0.07,-12.8,,,2WHSPJ123554.7+055213
1121,3HSPJ123800.2+263553,,189.50071,26.59806,2.2,0.07,-12.9,,,2WHSPJ123800.1+263553
1125,3HSPJ124112.1+495548,,190.30029,49.93,22.4,0.05,-12.7,,,2WHSPJ124112.0+495547
1131,3HSPJ124430.8+351003,,191.12813,35.1675,3.6,,-12.7?,,,2WHSPJ124430.7+351002
1133,3HSPJ124816.6+074258,,192.06933,7.71611,14.8,0.1,-12.7?,,,2WHSPJ124816.6+074257
1134,3HSPJ124919.3-280834,,192.33046,-28.14278,26.9,0.22,-11.8,4FGL J1249.2-2809,2.07,2WHSPJ124919.3-280834
1143,3HSPJ125408.1-280931,,193.53392,-28.15861,32.6,,-11.8,,,2WHSPJ125408.1-280930
1145,3HSPJ125445.5+470132,,193.68946,47.02556,13.5,0.06,-12.6,,,2WHSPJ125445.4+470132
1146,3HSPJ125447.6-142150,,193.69846,-14.36389,4.9,0.29,-12.3,,,2WHSPJ125447.5-142150
1147,3HSPJ125449.3+570452,,193.70538,57.08111,17.5,,-12.8,,,2WHSPJ125449.2+570451
1148,3HSPJ125509.8+280417,,193.79088,28.07139,1.7,0.04,-12.9,,,2WHSPJ125509.7+280417
1149,3HSPJ125528.6+091100,,193.86925,9.18333,3.3,,-12.3,,,2WHSPJ125528.6+091059
1150,3HSPJ125548.1+141108,,193.95025,14.18556,3.3,0.1,-12.3,,,2WHSPJ125547.9+141108
1153,3HSPJ125708.4+264925,,194.28487,26.82361,5.1,0.16,-12.6,,,2WHSPJ125708.2+264924
1154,3HSPJ125724.0+483232,,194.34983,48.54222,1.0,0.04,-12.9?,,,2WHSPJ125723.8+483231
1158,3HSPJ125822.1+062827,,194.59504,6.47417,3.7,0.26,-12.4,,,2WHSPJ125822.8+062827
1160,3HSPJ125908.6+412937,,194.78604,41.49361,45.9,0.21,-12.3,,,2WHSPJ125908.5+412936
1168,3HSPJ130619.7-023643,,196.58225,-2.61194,0.9,0.12,-12.8?,,,2WHSPJ130619.6-023642
1169,3HSPJ130631.0+192244,,196.62912,19.37889,1.3,0.32,-12.1,,,2WHSPJ130630.9+192244
1170,3HSPJ130711.9+115316,,196.79975,11.88778,4.7,0.15,-12.1,,,2WHSPJ130711.8+115316
1171,3HSPJ130713.4-034431,,196.80575,-3.74194,33.1,0.2,-12.1,1BIGB_J130713.3-034430,2.55,2WHSPJ130713.3-034430
1173,3HSPJ130750.7+124828,,196.96117,12.80778,8.1,0.06,-12.8,,,2WHSPJ130750.5+124828
1174,3HSPJ130931.5-224425,,197.38117,-22.74028,40.6,,-12.5,,,2WHSPJ130931.0-224432
1179,3HSPJ131234.7-185901,,198.14458,-18.98361,18.0,0.29,-12.5,4FGL J1312.6-1900,1.97,2WHSPJ131234.6-185900
1180,3HSPJ131248.8-235047,,198.20321,-23.84639,28.9,,-11.9,4FGL J1312.8-2350,1.8,2WHSPJ131248.7-235047
1182,3HSPJ131440.6-090148,,198.66929,-9.03,10.0,0.3,-12.2?,,,2WHSPJ131440.6-090147
1184,3HSPJ131532.6+113331,,198.88592,11.55861,20.7,0.85,-11.7,4FGL J1315.5+1135,1.96,2WHSPJ131532.5+113330
1186,3HSPJ131639.8+205514,,199.16604,20.92056,12.9,0.21,-12.2,,,2WHSPJ131639.7+205514
1187,3HSPJ131654.6+301454,,199.22737,30.24833,4.3,0.36,-12.4,4FGL J1316.5+3013,2.02,2WHSPJ131654.4+301453
1188,3HSPJ131720.0+543512,,199.33333,54.58667,8.0,0.09,-12.2,,,2WHSPJ131719.9+543512
1191,3HSPJ132001.2+344445,,200.00496,34.74583,1.2,0.05,-12.9,,,2WHSPJ132001.0+344444
1193,3HSPJ132140.7-343752,,200.4195,-34.63111,22.2,0.32,-12,,,2WHSPJ132140.6-343751
1195,3HSPJ132239.3+494336,,200.66371,49.72667,6.6,0.23,>-12.1,,,2WHSPJ132239.1+494336
1196,3HSPJ132244.2+664942,,200.68437,66.82833,14.7,0.04,-12.5,,,2WHSPJ132244.2+664941
1199,3HSPJ132527.5-280521,,201.36471,-28.08917,25.4,0.11,-12.4,,,2WHSPJ132527.4-280521
1202,3HSPJ132556.1+080928,,201.48358,8.15778,8.9,0.14,-12.5?,,,2WHSPJ132555.9+080928
1205,3HSPJ132635.9+254958,,201.64971,25.83278,1.5,0.06,-12.9,,,2WHSPJ132635.8+254958
1206,3HSPJ132745.0-082937,,201.93742,-8.49361,16.6,0.22,-12.4,,,2WHSPJ132744.8-082936
1208,3HSPJ132840.6-472749,,202.16921,-47.46361,123.6,0.61,-11.8,4FGL J1328.5-4727,1.7,2WHSPJ132840.6-472748
1209,3HSPJ132845.8+720402,,202.19092,72.06722,8.1,,-12.3,,,2WHSPJ132845.7+720401
1210,3HSPJ132949.1+071418,,202.4545,7.23833,1.7,0.07,-12.9?,,,2WHSPJ132949.0+071417
1214,3HSPJ133044.2+470359,,202.68425,47.06639,2.8,0.02,-13.4,,,2WHSPJ133044.2+470359
1215,3HSPJ133046.0+113940,,202.69175,11.66111,1.4,,-12.7?,,,2WHSPJ133046.0+113939
1223,3HSPJ133647.2+602049,,204.19675,60.34694,5.7,0.06,-12.7?,,,2WHSPJ133647.2+602048
1224,3HSPJ133806.4-093114,,204.52646,-9.52056,4.3,0.03,-12.8,,,2WHSPJ133806.3-093114
1225,3HSPJ133844.7+412231,,204.68612,41.37528,,0.05,-12.8,,,2WHSPJ133844.4+412211
1226,3HSPJ133922.1+474213,,204.84217,47.70361,1.6,0.02,-12.9,,,2WHSPJ133922.0+474212
1227,3HSPJ133937.1+183059,,204.90754,18.51639,3.3,0.35,-12.2,,,2WHSPJ133937.8+183059
1229,3HSPJ134042.0-041006,,205.17508,-4.16833,27.2,0.2,-12,4FGL J1340.8-0409,1.98,2WHSPJ134042.0-041005
1231,3HSPJ134223.0-313557,,205.59754,-31.59917,88.3,,-11.9,,,2WHSPJ134223.4-313557
1232,3HSPJ134240.3+093911,,205.668,9.65306,2.5,0.06,-12.4,,1.87,2WHSPJ134240.3+093911
1233,3HSPJ134249.8+035846,,205.70746,3.97944,1.7,0.12,-12.6,,,2WHSPJ134249.6+035845
1234,3HSPJ134251.1-353142,,205.71275,-35.52833,28.7,0.17,-12.2,,,2WHSPJ134251.0-353141
1235,3HSPJ134347.5+002023,,205.94771,0.33972,2.8,,-12.8,,,2WHSPJ134347.4+002022
1236,3HSPJ134428.2+045029,,206.11767,4.84139,1.5,0.12,-12.8?,,,2WHSPJ134428.1+045029
1237,3HSPJ134525.2+231038,,206.35496,23.17722,0.9,0.09,-12.6,,,2WHSPJ134525.0+231037
1238,3HSPJ134545.0+702903,,206.43754,70.48417,6.1,0.04,-12.6,,,2WHSPJ134544.9+702903
1239,3HSPJ134621.3+080837,,206.58892,8.14361,3.5,0.18,-12.6?,,,2WHSPJ134621.3+080836
1240,3HSPJ134706.9-295842,,206.77867,-29.97833,25.7,,-11.5,4FGL J1347.1-2959,1.74,2WHSPJ134706.7-295841
1242,3HSPJ134951.1+421647,,207.46304,42.27972,1.6,0.12,-12.4,,,2WHSPJ134951.1+421646
1243,3HSPJ135043.9-310927,,207.68283,-31.1575,15.5,0.28,-12,,,2WHSPJ135043.7-310926
1246,3HSPJ135127.0-000116,,207.8625,-0.02111,1.7,0.01,-13.1,,,2WHSPJ135126.9-000115
1247,3HSPJ135133.0-263318,,207.88746,-26.555,23.1,,-11.9,,,2WHSPJ135132.8-263317
1249,3HSPJ135159.7+041212,,207.99867,4.20333,4.3,0.15,-12.6,,,2WHSPJ135159.5+041211
1250,3HSPJ135206.9+425237,,208.02862,42.87694,3.8,0.11,-12.6?,,,2WHSPJ135206.7+425236
1252,3HSPJ135340.2-663957,,208.41758,-66.66583,,0.54,-11.3,4FGL J1353.6-6640,1.91,2WHSPJ135340.2-663958
1253,3HSPJ135345.2-393710,,208.43821,-39.61944,42.6,,-12.1,4FGL J1353.7-3936,1.61,2WHSPJ135345.1-393709
1254,3HSPJ135406.7+532744,,208.52779,53.46222,3.6,0.07,-12.6,,,2WHSPJ135406.6+532743
1255,3HSPJ135537.0+251508,,208.90587,25.25222,15.9,,-12.7?,,,2WHSPJ135537.3+251507
1256,3HSPJ135650.1-071337,,209.20888,-7.22694,5.0,0.21,-12.4,,,2WHSPJ135650.1-071336
1258,3HSPJ135758.3+055128,,209.49288,5.85778,4.8,,-13.1,,,2WHSPJ135758.2+055128
1259,3HSPJ135856.2+365424,,209.73425,36.90667,8.0,0.06,-12.9,,,2WHSPJ135856.2+365424
1260,3HSPJ135908.1+332206,,209.78667,33.36833,6.4,0.06,-12.9,,,2WHSPJ135908.8+332205
1262,3HSPJ140022.1-400823,,210.092,-40.13972,6.9,0.64,-12.1,4FGL J1400.2-4010,2.04,2WHSPJ140022.0-400822
1263,3HSPJ140027.1-293936,,210.11288,-29.66,4.4,0.32,>-12.1,,,2WHSPJ140027.0-293936
1265,3HSPJ140150.2-294149,,210.45929,-29.69694,64.3,0.34,-12.2,,,2WHSPJ140150.2-294148
1266,3HSPJ140203.8+674104,,210.516,67.68444,11.7,0.04,-12.2,,,2WHSPJ140203.7+674103
1267,3HSPJ140245.1+632020,,210.68788,63.33889,2.1,0.05,-12.5?,,,2WHSPJ140244.9+632020
1268,3HSPJ140350.3+243304,,210.95954,24.55111,7.0,0.14,-12.3,,,2WHSPJ140350.2+243303
1271,3HSPJ140519.6+305351,,211.33179,30.8975,6.9,0.13,-12.6,,,2WHSPJ140519.6+305351
1272,3HSPJ140550.2+231113,,211.45921,23.18694,7.3,0.08,-12.7,,,2WHSPJ140550.2+231112
1273,3HSPJ140609.6-250809,,211.54,-25.13583,30.8,0.17,-12,4FGL J1406.1-2508,1.89,2WHSPJ140609.5-250808
1276,3HSPJ140635.8-005548,,211.64933,-0.93,10.8,0.17,-12.1,,,2WHSPJ140635.8-005548
1277,3HSPJ140641.0+481824,,211.6725,48.30667,7.4,0.07,-12.5,,,2WHSPJ140641.4+481824
1279,3HSPJ140653.5+272606,,211.72312,27.435,7.7,0.28,-12.3,,,2WHSPJ140653.5+272605
1281,3HSPJ140705.3+104810,,211.77208,10.80278,13.4,0.13,-12.5,,,2WHSPJ140705.2+104810
1283,3HSPJ140713.1-070939,,211.80454,-7.16083,7.5,,-12.4,,,2WHSPJ140713.0-070938
1284,3HSPJ140734.1+120941,,211.89204,12.16139,3.2,0.09,-12.9,,,2WHSPJ140734.0+120941
1285,3HSPJ140848.2+221433,,212.20063,22.2425,15.5,,-12.7,,,2WHSPJ140848.1+221432
1288,3HSPJ140954.9-104857,,212.47867,-10.81583,38.5,0.1,-12.3,,,2WHSPJ140954.7-104856
1290,3HSPJ141012.4+113547,,212.55146,11.59639,3.0,0.16,-12.5,,,2WHSPJ141012.3+113547
1291,3HSPJ141027.1+275954,,212.61271,27.99833,8.7,0.06,-12.9,,1.52,2WHSPJ141027.0+275953
1296,3HSPJ141136.4-024033,,212.90154,-2.67583,11.9,0.12,-13?,,,2WHSPJ141136.3-024032
1299,3HSPJ141324.1+484535,,213.35254,48.75972,1.6,0.01,-13.6,,,2WHSPJ141324.5+484534
1300,3HSPJ141358.0+764455,,213.49337,76.74861,7.3,0.42,-11.4,,,2WHSPJ141358.3+764454
1302,3HSPJ141427.0+035752,,213.6125,3.96444,4.3,0.46,-11.9,,,2WHSPJ141427.3+035800
1303,3HSPJ141446.0+163907,,213.69254,16.65194,6.8,0.11,-12.8?,,,2WHSPJ141446.1+163906
1306,3HSPJ141706.5+624638,,214.27729,62.77722,3.5,0.04,-12.7?,,,2WHSPJ141706.4+624637
1307,3HSPJ141750.1+593527,,214.45871,59.59083,3.3,0.03,-12.9,,,2WHSPJ141749.9+593526
1312,3HSPJ141839.7+243332,,214.66554,24.55889,0.8,,-12.9?,,,2WHSPJ141839.7+243332
1314,3HSPJ141905.1+133346,,214.77117,13.56278,13.2,,-12.4,,,2WHSPJ141904.9+133346
1316,3HSPJ142041.6+554450,,215.17338,55.74722,9.9,0.04,-13?,,,2WHSPJ142041.5+554449
1317,3HSPJ142227.4+233740,,215.61429,23.62778,17.2,0.08,-12.7,,,2WHSPJ142227.4+233740
1319,3HSPJ142320.6+053000,,215.836,5.5,10.9,0.09,-12.7,,,2WHSPJ142320.5+053000
1323,3HSPJ142452.7-143101,,216.2195,-14.51694,4.7,0.15,-12.3,,,2WHSPJ142452.6-143100
1324,3HSPJ142508.0+664938,,216.28379,66.82722,4.4,0.04,-12.8,,,2WHSPJ142508.0+664937
1327,3HSPJ142659.5-255833,,216.74804,-25.97583,15.0,0.78,-11.9,,,2WHSPJ142659.5-255832
1328,3HSPJ142710.5+054130,,216.79383,5.69167,22.2,0.4,-12,,,2WHSPJ142710.4+054130
1329,3HSPJ142723.0+590730,,216.84592,59.125,8.4,0.03,-13?,,,2WHSPJ142722.9+590730
1331,3HSPJ142739.6-252103,,216.91496,-25.35083,3.7,0.82,>-12.1,,,2WHSPJ142739.6-252103
1333,3HSPJ142829.9+743002,,217.12454,74.50056,35.7,0.08,-12.5,4FGL J1428.8+7429,1.76,2WHSPJ142829.8+743002
1336,3HSPJ142918.2-013854,,217.32571,-1.64833,15.8,0.29,-12.3,,,2WHSPJ142918.1-013853
1337,3HSPJ143005.0+412707,,217.52088,41.45194,31.7,0.12,-12.4,,,2WHSPJ143004.9+412706
1338,3HSPJ143109.6+271020,,217.79,27.17222,23.0,0.25,-12.4,,,2WHSPJ143109.5+271019
1339,3HSPJ143117.5+110833,,217.82283,11.1425,11.5,0.19,-12.4,,,2WHSPJ143117.3+110833
1340,3HSPJ143211.6+764355,,218.04842,76.73194,14.0,0.08,-12.4,4FGL J1432.8+7648,2.32,2WHSPJ143211.5+764354
1342,3HSPJ143342.8-730438,,218.42817,-73.07722,165.6,1.46,>-11.3,1BIGB_J143342.7-730437,1.26,2WHSPJ143342.7-730437
1344,3HSPJ143555.0+395729,,218.97908,39.95806,28.3,0.03,-12.7,,,2WHSPJ143554.8+395729
1346,3HSPJ143803.2-031511,,219.51342,-3.25306,5.0,0.14,-12.5,,,2WHSPJ143803.1-031511
1347,3HSPJ143824.0+085724,,219.60017,8.95667,58.7,0.12,-12.7?,,,2WHSPJ143823.9+085724
1350,3HSPJ143921.2-124312,,219.83842,-12.72,2.8,,-12,,,2WHSPJ143921.1-124312
1351,3HSPJ143924.4+390411,,219.85175,39.06972,2.4,0.11,-12.4,,,2WHSPJ143924.4+390410
1352,3HSPJ143932.0+064015,,219.88342,6.67083,13.3,0.1,-12?,,,2WHSPJ143931.9+064014
1353,3HSPJ143950.9-395518,,219.96192,-39.92167,24.4,2.04,-11.6,4FGL J1439.9-3953,1.86,2WHSPJ143950.8-395518
1355,3HSPJ144037.8-384655,,220.15763,-38.78194,22.8,8.18,-11.2,4FGL J1440.6-3846,1.73,2WHSPJ144037.7-384654
1357,3HSPJ144110.2+010216,,220.29267,1.03778,7.0,0.04,-13,,,2WHSPJ144110.2+010216
1359,3HSPJ144201.6+064230,,220.50646,6.70833,4.5,0.1,-12.7?,,,2WHSPJ144201.4+064229
1360,3HSPJ144236.0-462301,,220.65167,-46.38361,96.4,0.41,-12,4FGL J1442.6-4623,1.98,2WHSPJ144236.4-462300
1365,3HSPJ144437.0-250931,,221.15396,-25.15861,8.5,,-12.2,,,2WHSPJ144436.9-250930
1366,3HSPJ144446.1+474257,,221.19208,47.71583,10.4,0.05,-12.8,,,2WHSPJ144446.0+474256
1367,3HSPJ144503.8+080202,,221.26571,8.03389,3.5,,-12.2?,,,2WHSPJ144503.7+080202
1370,3HSPJ144644.8-182925,,221.68679,-18.49028,25.7,0.15,-12.2,4FGL J1446.8-1830,1.72,2WHSPJ144644.8-182925
1372,3HSPJ144743.7+460916,,221.932,46.15444,5.5,0.06,-12.8,,,2WHSPJ144743.6+460915
1374,3HSPJ144941.9-091000,,222.42454,-9.16667,39.7,0.17,-12.2,4FGL J1449.7-0910,2.04,2WHSPJ144941.8-091000
1375,3HSPJ145021.4-273052,,222.58908,-27.51444,5.0,,-12.3,,,2WHSPJ145021.2-273051
1376,3HSPJ145044.5-065005,,222.68525,-6.83472,7.3,0.26,-12.3,,,2WHSPJ145044.3-065004
1379,3HSPJ145301.9+255953,,223.25804,25.99806,5.6,0.01,-12.8,,,2WHSPJ145301.9+255953
1380,3HSPJ145400.9-120154,,223.50367,-12.03167,8.0,0.19,-11.9,,,2WHSPJ145400.7-120154
1382,3HSPJ145508.2+192015,,223.78425,19.3375,21.6,0.47,-12.2,1BIGB_J145508.2+192014,2.78,2WHSPJ145508.2+192014
1383,3HSPJ145543.7-760052,,223.93204,-76.01444,13.5,,-11.8,4FGL J1455.8-7601,1.54,2WHSPJ145543.6-760051
1384,3HSPJ145550.3+635906,,223.95971,63.985,4.2,,-12.3,,,2WHSPJ145550.2+635905
1386,3HSPJ145631.6+635036,,224.1315,63.84333,2.0,0.09,-12.4,,,2WHSPJ145631.4+635035
1387,3HSPJ145707.0+185438,,224.28087,18.91056,7.5,,-12.7?,,,2WHSPJ145707.3+185438
1389,3HSPJ145820.8+412101,,224.58658,41.35028,20.2,0.05,-12.4,,,2WHSPJ145820.7+412101
1392,3HSPJ150020.2-020122,,225.08425,-2.02278,3.3,,-12.5,,,2WHSPJ150020.2-020122
1393,3HSPJ150106.7+422235,,225.27775,42.37639,1.8,0.08,-12.9,,,2WHSPJ150106.5+422235
1394,3HSPJ150235.4-052824,,225.64763,-5.47333,2.4,0.6,-12.1?,,,2WHSPJ150235.4-052823
1397,3HSPJ150355.9+655941,,225.98296,65.99472,4.7,0.07,-12.6?,,,2WHSPJ150355.9+655940
1398,3HSPJ150425.6-004742,,226.10687,-0.795,26.7,0.12,-12.6,,,2WHSPJ150425.6-004742
1399,3HSPJ150426.7+302405,,226.11142,30.40139,8.3,0.2,-12.5?,,,2WHSPJ150426.7+302405
1400,3HSPJ150507.1+012129,,226.27954,1.35806,3.5,,-13.2?,,,2WHSPJ150507.0+012129
1401,3HSPJ150525.0-824231,,226.35587,-82.70861,34.8,0.45,-12,4FGL J1505.5-8241,2.3,2WHSPJ150525.3-824230
1402,3HSPJ150604.4+102233,,226.51842,10.37583,5.3,,-12.6?,,,2WHSPJ150604.3+102232
1405,3HSPJ150651.3+553209,,226.71367,55.53583,0.5,0.02,-13.2,,,2WHSPJ150651.1+553208
1407,3HSPJ150654.8-215925,,226.72817,-21.99028,5.4,0.48,-12,,,2WHSPJ150654.7-215925
1408,3HSPJ150708.0+454334,,226.78417,45.72611,0.8,0.03,-13?,,,2WHSPJ150708.2+454333
1409,3HSPJ150714.3+550420,,226.80971,55.07222,4.8,0.03,-12.8,,,2WHSPJ150714.2+550419
1410,3HSPJ150716.4+172103,,226.81842,17.35083,23.5,0.19,-12.3,4FGL J1507.2+1721,1.78,2WHSPJ150716.3+172102
1411,3HSPJ150826.6+014645,,227.11104,1.77917,43.0,,-12.8,,,2WHSPJ150826.5+014645
1413,3HSPJ150858.3+315438,,227.24312,31.91056,7.0,0.09,-12.6,,,2WHSPJ150858.3+315438
1414,3HSPJ150902.0+724354,,227.25817,72.73167,45.3,0.06,-12.1,,,2WHSPJ150901.9+724354
1417,3HSPJ151136.9-165326,,227.90375,-16.89056,22.4,0.36,-12,1BIGB_J151136.8-165326,2.69,2WHSPJ151136.8-165326
1418,3HSPJ151148.6-051346,,227.95237,-5.22944,17.5,3.25,-11.2,4FGL J1511.8-0513,2.03,2WHSPJ151148.4-051345
1419,3HSPJ151154.9+562936,,227.97871,56.49333,3.8,,-13.2,,,2WHSPJ151154.7+562935
1420,3HSPJ151212.7-225508,,228.05312,-22.91889,19.3,0.29,-11.8,4FGL J1512.1-2255,1.91,2WHSPJ151212.7-225508
1421,3HSPJ151234.1+162840,,228.14375,16.47778,3.4,0.17,-12.5?,,,2WHSPJ151234.5+162840
1422,3HSPJ151324.2-075451,,228.35075,-7.91417,11.3,0.54,-12.1?,,,2WHSPJ151324.1-075451
1423,3HSPJ151402.9+312612,,228.51217,31.43667,4.0,0.09,-12.4,,,2WHSPJ151402.8+312612
1424,3HSPJ151428.1-252053,,228.617,-25.34806,4.1,0.12,-12.4,,,2WHSPJ151428.0-252053
1427,3HSPJ151549.8-305817,,228.95758,-30.97139,6.3,,-12,,,2WHSPJ151549.8-305817
1432,3HSPJ151802.4+651057,,229.51008,65.1825,22.2,,-12.4,,,2WHSPJ151802.3+651057
1433,3HSPJ151803.6-273131,,229.51496,-27.52528,564.7,,-11.5,4FGL J1518.0-2731,2.13,2WHSPJ151803.4-273131
1434,3HSPJ151826.7+075222,,229.61113,7.87278,7.5,0.1,-12.2,4FGL J1518.4+0750,1.7,2WHSPJ151826.5+075222
1436,3HSPJ151845.7+061356,,229.6905,6.23222,498.1,1.88,-11.5,4FGL J1518.6+0614,1.84,2WHSPJ151845.7+061355
1437,3HSPJ151915.9+553645,,229.81625,55.6125,3.8,,-12.8,,,2WHSPJ151915.8+553644
1438,3HSPJ152039.0-054641,,230.16379,-5.77806,3.9,0.27,-12.1,,,2WHSPJ152039.2-054641
1440,3HSPJ152110.7+104054,,230.2945,10.68167,8.5,0.09,-12.7,,,2WHSPJ152110.6+104054
1441,3HSPJ152213.9-074818,,230.55788,-7.805,26.9,0.11,-12.3,,,2WHSPJ152213.7-074817
1442,3HSPJ152316.0+583515,,230.81687,58.5875,11.6,0.07,-12.5,,,2WHSPJ152316.0+583514
1443,3HSPJ152418.5-414655,,231.07717,-41.78194,52.0,0.25,-11.8,,,2WHSPJ152418.4-414654
1444,3HSPJ152559.0-242813,,231.49754,-24.47028,85.5,0.71,-12.1?,,,2WHSPJ152559.4-242813
1446,3HSPJ152624.9-070223,,231.60358,-7.03972,9.8,0.13,-12.4,,,2WHSPJ152624.7-070222
1447,3HSPJ152625.0+575855,,231.60429,57.98194,1.5,0.02,-12.8,,,2WHSPJ152625.0+575854
1448,3HSPJ152646.7-153026,,231.6945,-15.50722,30.3,0.38,-11.9,4FGL J1526.7-1529,2.12,2WHSPJ152646.6-153025
1452,3HSPJ153103.8-861226,,232.76571,-86.20722,1253.0,,-11.8,,,2WHSPJ153103.7-861225
1453,3HSPJ153120.8+564907,,232.83654,56.81861,8.1,0.06,-12.6,,,2WHSPJ153120.6+564906
1454,3HSPJ153152.4+262053,,232.96825,26.34806,3.2,,-12.9,,,2WHSPJ153152.3+262053
1456,3HSPJ153211.6+482024,,233.04829,48.34,5.3,0.03,-12.9?,,,2WHSPJ153211.5+482024
1457,3HSPJ153305.9+524758,,233.27442,52.79944,2.6,0.02,-13.1?,,,2WHSPJ153305.8+524757
1462,3HSPJ153529.7-313346,,233.87371,-31.56278,8.5,0.19,-12.2,4FGL J1535.3-3135,1.91,2WHSPJ153529.5-313346
1463,3HSPJ153544.9+155851,,233.93696,15.98083,4.0,0.07,-13,,,2WHSPJ153544.8+155850
1464,3HSPJ153623.0+122211,,234.09604,12.36972,72.7,,-12.6,,,2WHSPJ153622.9+122210
1466,3HSPJ153651.0+394506,,234.2125,39.75167,3.9,0.01,-13.3,,,2WHSPJ153651.0+394506
1467,3HSPJ153737.1+340148,,234.40446,34.03,15.7,,-12.8,,,2WHSPJ153737.0+340148
1468,3HSPJ153941.0-112835,,234.92167,-11.47639,78.8,1.09,-11.5,4FGL J1539.7-1127,2.08,2WHSPJ153941.2-112835
1469,3HSPJ153955.3-181436,,234.98025,-18.24333,5.5,0.39,-12,,,2WHSPJ153955.1-181435
1472,3HSPJ154203.1-291509,,235.51287,-29.2525,17.5,1.63,-11.4,4FGL J1541.9-2915,1.75,2WHSPJ154202.9-291509
1473,3HSPJ154347.2+163153,,235.94646,16.53139,17.9,0.1,-12.3,,,2WHSPJ154347.0+163153
1475,3HSPJ154433.2+322148,,236.13829,32.36333,14.1,0.09,-12.4,4FGL J1544.9+3218,2.05,2WHSPJ154433.1+322147
1478,3HSPJ154512.5+091133,,236.30204,9.1925,6.7,0.08,-12.8?,,,2WHSPJ154512.4+091133
1479,3HSPJ154534.7-001928,,236.39438,-0.32444,6.6,0.07,-13,,,2WHSPJ154534.6-001927
1482,3HSPJ154625.0-285723,,236.60417,-28.95639,10.5,0.89,-12.2,1BIGB_J154625.0-285723,1.7,2WHSPJ154625.0-285723
1483,3HSPJ154712.1-280221,,236.80054,-28.03917,47.5,0.7,-12.1,4FGL J1547.3-2802,1.71,2WHSPJ154712.1-280221
1484,3HSPJ154819.2-025903,,237.07992,-2.98417,4.8,,-12.5,,,2WHSPJ154819.0-025903
1485,3HSPJ154827.0-211106,,237.11375,-21.185,17.8,0.42,-12.3,,,2WHSPJ154827.3-211105
1487,3HSPJ154902.0+482158,,237.25837,48.36611,4.2,0.06,-12.6?,,,2WHSPJ154901.9+482157
1488,3HSPJ154918.7+423500,,237.32779,42.58333,8.3,,-12.5,4FGL J1549.3+4234,2.16,2WHSPJ154918.5+423459
1489,3HSPJ154939.8+195355,,237.41567,19.89861,1.2,,-12.9,,,2WHSPJ154939.5+195356
1490,3HSPJ154943.1-292349,,237.42946,-29.39694,5.0,0.25,-12.3,,,2WHSPJ154943.0-292348
1491,3HSPJ154946.0-304501,,237.44292,-30.75028,19.8,,-12.1,4FGL J1549.8-3044,1.44,2WHSPJ154946.3-304501
1492,3HSPJ154952.0-065907,,237.46683,-6.98528,13.1,1.16,-11.7,4FGL J1549.8-0659,1.92,2WHSPJ154952.0-065907
1493,3HSPJ154954.5+582607,,237.47725,58.43528,4.7,0.19,-12.3?,,,2WHSPJ154954.4+582607
1494,3HSPJ155053.3-082246,,237.722,-8.37944,26.9,0.26,-11.8,4FGL J1550.8-0822,1.93,2WHSPJ155053.2-082245
1496,3HSPJ155214.5+601710,,238.06025,60.28611,3.5,0.03,-13?,,,2WHSPJ155214.4+601709
1500,3HSPJ155432.6-121325,,238.63575,-12.22361,9.0,,-12,4FGL J1554.4-1215,1.78,2WHSPJ155432.5-121324
1501,3HSPJ155533.4+780929,,238.88921,78.15806,2.6,0.06,-12.5,,,2WHSPJ155533.4+780929
1503,3HSPJ155703.1+244218,,239.26279,24.705,5.1,0.04,-12.8?,,,2WHSPJ155702.9+244217
1504,3HSPJ155720.8+094321,,239.33679,9.7225,3.7,0.26,-12.4?,,,2WHSPJ155720.8+094321
1505,3HSPJ155812.9+004452,,239.55392,0.74778,4.2,0.19,-12.3,,,2WHSPJ155812.9+004452
1506,3HSPJ155850.4-034552,,239.70992,-3.76444,15.0,0.11,-12.5,,,2WHSPJ155850.2-034551
1508,3HSPJ155942.0+634415,,239.92496,63.7375,1.3,0.05,-12.5,,,2WHSPJ155941.8+634414
1509,3HSPJ160005.4-252439,,240.02233,-25.41083,45.4,,-12,4FGL J1559.8-2525,1.94,2WHSPJ160005.2-252438
1510,3HSPJ160135.5+161239,,240.39783,16.21083,7.1,,-12.4,,,2WHSPJ160135.4+161238
1512,3HSPJ160258.9+421203,,240.74529,42.20083,15.2,0.91,-11.8?,,,2WHSPJ160258.8+421202
1513,3HSPJ160308.0-244949,,240.78317,-24.83028,17.7,0.3,-12.3,,,2WHSPJ160307.9-244949
1517,3HSPJ160533.1+091745,,241.38796,9.29583,4.3,0.29,-12.1,,,2WHSPJ160533.1+091744
1525,3HSPJ161140.2+234519,,242.9175,23.75528,4.0,,-12.3,,,2WHSPJ161140.1+234519
1527,3HSPJ161327.2-190836,,243.36321,-19.14333,23.6,,-12.3,4FGL J1613.3-1907,2.23,2WHSPJ161327.1-190835
1528,3HSPJ161414.1+544251,,243.55875,54.71417,1.4,0.12,-12.6,,,2WHSPJ161414.0+544251
1529,3HSPJ161444.0-085120,,243.68329,-8.85556,5.7,0.37,-12.3,,,2WHSPJ161443.9-085120
1532,3HSPJ161737.8-104734,,244.40733,-10.79278,7.1,0.24,-12.1,,,2WHSPJ161737.6-104734
1533,3HSPJ161757.1+602416,,244.49129,60.40444,14.3,0.02,-13,,,2WHSPJ161757.8+602415
1534,3HSPJ161946.6+193416,,244.94408,19.57111,3.6,0.08,-12.8,,,2WHSPJ161946.4+193415
1535,3HSPJ162007.8+323027,,245.03267,32.5075,4.2,0.06,-12.8,,,2WHSPJ162007.7+323027
1536,3HSPJ162044.4+343511,,245.18483,34.58639,9.5,0.14,-12.5,,,2WHSPJ162044.2+343511
1538,3HSPJ162142.0+454828,,245.42629,45.80778,6.6,,-12.8,,,2WHSPJ162142.3+454828
1540,3HSPJ162330.6+085724,,245.87733,8.95667,1.5,0.38,>-12.2,4FGL J1623.4+0858,1.94,2WHSPJ162330.4+085724
1542,3HSPJ162458.7+220330,,246.24438,22.05833,0.6,0.06,-12.9?,,,2WHSPJ162458.6+220329
1544,3HSPJ162642.8+080314,,246.67838,8.05389,18.2,0.11,-12.7,,,2WHSPJ162642.7+080314
1545,3HSPJ162646.0+630048,,246.69187,63.01333,15.4,0.36,-12,4FGL J1626.5+6257,1.95,2WHSPJ162646.0+630047
1547,3HSPJ162819.4+363010,,247.08063,36.50278,4.0,0.08,-12.8,,,2WHSPJ162819.3+363010
1549,3HSPJ162920.0+263352,,247.33379,26.56444,2.3,0.07,-12.7,,,2WHSPJ162920.1+263351
1550,3HSPJ162939.5+701449,,247.4145,70.24694,4.8,,-12.7,,,2WHSPJ162939.4+701448
1551,3HSPJ162950.6+584050,,247.46079,58.68056,3.4,,-12.7,,,2WHSPJ162950.5+584050
1552,3HSPJ162958.0+531105,,247.49163,53.18472,4.8,0.08,-12.4,,,2WHSPJ162957.9+531104
1554,3HSPJ163119.7+102404,,247.83217,10.40111,11.2,0.07,-12.7,,,2WHSPJ163119.6+102403
1558,3HSPJ163309.1+700550,,248.28783,70.09722,6.8,,-12.8,,,2WHSPJ163308.9+700549
1559,3HSPJ163417.0+330520,,248.571,33.08889,25.3,,>-13,,,2WHSPJ163416.9+330520
1560,3HSPJ163559.0+183158,,248.99754,18.53278,18.1,0.14,-12.4,,,2WHSPJ163559.3+183158
1563,3HSPJ163715.3+463948,,249.31392,46.66333,1.0,0.03,-12.9,,,2WHSPJ163715.2+463947
1569,3HSPJ163920.6+560902,,249.83604,56.15056,55.4,0.05,-12.6,,,2WHSPJ163920.5+560902
1571,3HSPJ164014.9+685234,,250.06225,68.87611,8.3,0.07,-11.8,4FGL J1640.3+6850,2.08,2WHSPJ164014.8+685233
1575,3HSPJ164339.5+331647,,250.91442,33.27972,65.6,0.08,-12.7,4FGL J1643.7+3317,1.52,2WHSPJ164339.4+331646
1576,3HSPJ164345.7-111925,,250.94033,-11.32361,18.3,0.58,-12.5,,,2WHSPJ164345.5-111924
1578,3HSPJ164438.6-015202,,251.16088,-1.86722,35.8,0.24,-12.2,,,2WHSPJ164438.5-015201
1579,3HSPJ164549.1+792129,,251.45667,79.35806,50.6,0.24,-12.1,,,2WHSPJ164549.6+792129
1581,3HSPJ164702.1+385001,,251.76087,38.83361,3.2,0.07,-12.8?,,,2WHSPJ164702.5+385000
1582,3HSPJ164721.0+132306,,251.83746,13.385,1.7,0.09,-12.7,,,2WHSPJ164720.8+132305
1583,3HSPJ164845.2+800512,,252.18829,80.08667,4.0,0.17,-12.3,,,2WHSPJ164845.1+800512
1588,3HSPJ165419.7+470803,,253.582,47.13417,6.4,0.05,-12.5,,,2WHSPJ165419.6+470803
1589,3HSPJ165431.1+651952,,253.62954,65.33111,3.4,0.01,-13,,,2WHSPJ165431.0+651951
1590,3HSPJ165504.2+660100,,253.76742,66.01667,6.8,0.03,-12.8,,,2WHSPJ165504.0+660100
1591,3HSPJ165517.9-224045,,253.82479,-22.67917,26.4,0.74,-11.8?,1BIGB_J165517.8-224045,1.89,2WHSPJ165517.8-224045
1592,3HSPJ165655.1-201056,,254.22975,-20.18222,37.3,0.89,-11.4,4FGL J1656.9-2010,1.96,2WHSPJ165655.0-201055
1593,3HSPJ165746.8+675527,,254.44483,67.92417,32.7,0.02,-12.2,,,2WHSPJ165746.6+675527
1595,3HSPJ170052.7+332431,,255.21942,33.40861,1.4,0.08,-12.5,,,2WHSPJ170052.6+332430
1596,3HSPJ170054.4+462853,,255.22654,46.48139,2.7,0.06,-12.8?,,,2WHSPJ170054.2+462853
1597,3HSPJ170132.3+381103,,255.3845,38.18417,3.9,0.05,-13?,,,2WHSPJ170132.2+381103
1600,3HSPJ170433.8-052840,,256.14096,-5.47778,10.2,,-11.9,4FGL J1704.5-0527,2.18,2WHSPJ170433.7-052840
1602,3HSPJ170622.7+063847,,256.59479,6.64639,44.4,0.34,-12.4,,,2WHSPJ170622.6+063847
1603,3HSPJ170807.8+473223,,257.03237,47.53972,16.0,0.06,-12.7,,,2WHSPJ170807.6+473222
1604,3HSPJ170941.6+623918,,257.42346,62.655,1.2,0.03,-12.9,,,2WHSPJ170941.5+623918
1605,3HSPJ171002.0+552033,,257.50879,55.3425,0.8,,-12.3,,,2WHSPJ171002.1+552033
1606,3HSPJ171008.1+610223,,257.53712,61.03972,1.2,,-12.5,,,2WHSPJ171008.8+610222
1607,3HSPJ171105.9+120813,,257.77454,12.13694,38.3,0.13,-12.4,,,2WHSPJ171105.8+120812
1608,3HSPJ171108.7+024404,,257.78621,2.73444,17.7,1.35,-12,1BIGB_J171108.5+024403,1.87,2WHSPJ171108.5+024403
1609,3HSPJ171116.6+572518,,257.81937,57.42167,5.9,0.12,-12.4,,,2WHSPJ171116.6+572518
1611,3HSPJ171405.4-202752,,258.52267,-20.46444,8.5,2.06,-11.3,4FGL J1714.0-2029,1.34,2WHSPJ171405.3-202751
1612,3HSPJ171419.8+371612,,258.58246,37.27,16.2,,-12.5?,,,2WHSPJ171419.6+371612
1614,3HSPJ171531.5+205935,,258.88121,20.99306,26.6,0.24,-12.2,,,2WHSPJ171531.3+205935
1615,3HSPJ171553.3+884415,,258.97208,88.7375,12.0,0.15,-12.3,4FGL J1713.7+8844,1.57,2WHSPJ171553.2+884414
1616,3HSPJ171610.2+433756,,259.04246,43.63222,1.8,0.04,-12.7,,,2WHSPJ171610.0+433755
1617,3HSPJ171622.9+480246,,259.09558,48.04611,4.4,0.04,-12.6,,,2WHSPJ171622.9+480245
1618,3HSPJ171841.4+360522,,259.67258,36.08944,13.6,0.07,-12.7,,,2WHSPJ171841.4+360521
1619,3HSPJ171902.3+552434,,259.75971,55.40944,1.8,0.09,-12.5,,,2WHSPJ171902.2+552433
1620,3HSPJ171921.5+120721,,259.83958,12.1225,57.6,0.19,-12.4,4FGL J1719.3+1205,2.08,2WHSPJ171921.4+120721
1621,3HSPJ172035.0+100511,,260.14567,10.08639,17.6,0.3,-12.6,,,2WHSPJ172034.9+100511
1623,3HSPJ172658.2+263437,,261.74267,26.57694,34.6,0.32,-12.3,,,2WHSPJ172658.2+263436
1625,3HSPJ172838.3+704102,,262.15979,70.68389,5.8,0.06,-12.3,,,2WHSPJ172838.2+704102
1627,3HSPJ173044.8+380454,,262.68663,38.08167,7.3,0.08,-12.6,,,2WHSPJ173044.6+380454
1630,3HSPJ173842.5+382102,,264.67696,38.35056,13.4,0.4,-12.1?,,,2WHSPJ173842.4+382102
1631,3HSPJ174017.4+432450,,265.07242,43.41389,6.7,0.09,-12.7,,,2WHSPJ174017.2+432450
1632,3HSPJ174109.0-733814,,265.28738,-73.63722,9.9,,-11.9,,,2WHSPJ174108.8-733813
1633,3HSPJ174357.5+375310,,265.98975,37.88611,4.1,0.09,-12.5,,,2WHSPJ174357.4+375309
1635,3HSPJ174419.8+185218,,266.0825,18.87167,12.8,0.17,-12,4FGL J1744.4+1851,1.61,2WHSPJ174419.7+185218
1642,3HSPJ174929.9+463135,,267.37471,46.52639,3.5,0.1,-12.5,,,2WHSPJ174929.8+463135
1643,3HSPJ175052.7+550750,,267.71971,55.13056,11.4,0.03,-12.7,,,2WHSPJ175052.6+550750
1644,3HSPJ175156.8+655117,,267.98687,65.85472,40.6,0.04,-12.7,,,2WHSPJ175156.8+655116
1645,3HSPJ175328.1+321848,,268.367,32.31333,2.9,0.17,-12.5,,2.02,2WHSPJ175328.0+321847
1646,3HSPJ175600.7+332924,,269.00287,33.49,21.2,0.04,-12.8,,,2WHSPJ175600.5+332924
1649,3HSPJ175751.0-453506,,269.46379,-45.585,51.2,0.18,-11.9,,,2WHSPJ175751.2-453506
1651,3HSPJ175955.3+150109,,269.98025,15.01917,2.9,0.34,-11.9,,,2WHSPJ175955.2+150109
1652,3HSPJ180002.0+281045,,270.0085,28.17917,9.0,0.44,-12,4FGL J1800.1+2812,1.88,2WHSPJ180001.9+281045
1653,3HSPJ180144.0+295055,,270.43317,29.84861,17.9,0.41,-12.1,FL8Y J1801.8+2948,,2WHSPJ180143.9+295054
1654,3HSPJ180158.9+610938,,270.49554,61.16056,29.5,0.08,-12.2,,,2WHSPJ180158.9+610938
1655,3HSPJ180311.4+723504,,270.79767,72.58444,21.7,0.02,-12.7,,,2WHSPJ180311.3+723503
1658,3HSPJ180409.0+562122,,271.03879,56.35611,4.5,0.15,-12.4,,,2WHSPJ180409.3+562121
1659,3HSPJ180431.9+614113,,271.13308,61.68694,3.8,0.03,-12.9,,,2WHSPJ180432.2+614120
1660,3HSPJ180451.4+322026,,271.21412,32.34056,10.6,0.23,-12.3,,,2WHSPJ180451.3+322026
1662,3HSPJ180832.7+510407,,272.13633,51.06861,4.7,0.09,-12.3,,,2WHSPJ180832.7+510406
1663,3HSPJ180845.7+241905,,272.19037,24.31806,4.6,0.12,-12.3,4FGL J1808.8+2419,2.15,2WHSPJ180845.6+241905
1668,3HSPJ181403.4+382810,,273.51429,38.46944,7.0,0.38,-12.1,4FGL J1814.0+3828,2.15,2WHSPJ181403.4+382809
1669,3HSPJ182021.0+362343,,275.08742,36.39528,13.9,0.35,-12.1,4FGL J1820.3+3624,1.78,2WHSPJ182020.8+362343
1671,3HSPJ182419.0+430949,,276.07929,43.16361,33.7,0.81,-11.7,4FGL J1824.5+4311,1.72,2WHSPJ182419.0+430948
1672,3HSPJ182532.0+601922,,276.38325,60.32278,5.2,0.09,-12.5,,,2WHSPJ182531.9+601922
1673,3HSPJ182833.5-592054,,277.13979,-59.34833,7.3,0.44,-11.8,,,2WHSPJ182833.4-592053
1676,3HSPJ183141.0+422130,,277.92087,42.35833,11.4,0.06,-12.5,,,2WHSPJ183140.9+422129
1677,3HSPJ183201.0+382137,,278.00408,38.36028,36.8,0.19,-12.2,4FGL J1831.9+3820,2.05,2WHSPJ183200.9+382137
1678,3HSPJ183229.4+512128,,278.12233,51.35778,9.9,,-12.9,,,2WHSPJ183229.2+512128
1679,3HSPJ183806.7-600032,,279.52808,-60.00889,79.6,,-12,4FGL J1838.0-5959,1.86,2WHSPJ183806.7-600032
1680,3HSPJ183820.6-602522,,279.586,-60.42278,42.4,0.42,-12,4FGL J1838.4-6023,1.87,2WHSPJ183820.5-602522
1683,3HSPJ184121.7+290940,,280.34054,29.16111,64.6,8.59,-11.6,4FGL J1841.3+2909,1.57,2WHSPJ184121.7+290939
1685,3HSPJ184207.4+521702,,280.531,52.28389,24.4,0.12,-12.5,,,2WHSPJ184207.3+521702
1688,3HSPJ184430.9+544144,,281.12858,54.69556,50.2,0.13,-11.9,,,2WHSPJ184430.7+544144
1690,3HSPJ184514.1+555242,,281.30883,55.87833,7.3,,-12.5,,,2WHSPJ184514.0+555241
1691,3HSPJ184642.7+561627,,281.67775,56.27417,16.2,0.12,-12.4,,,2WHSPJ184642.6+561627
1695,3HSPJ184951.7+745318,,282.46525,74.88833,23.0,0.04,-12.6,,,2WHSPJ184951.5+745317
1696,3HSPJ185024.0+263153,,282.60013,26.53139,19.0,1.9,-11.9,4FGL J1850.5+2631,1.77,2WHSPJ185023.9+263153
1698,3HSPJ185550.9+805223,,283.96204,80.87306,8.7,0.03,-12.9,,,2WHSPJ185550.8+805223
1699,3HSPJ185813.4+432451,,284.55596,43.41417,67.4,,-11.9,4FGL J1858.3+4321,2.28,2WHSPJ185813.3+432451
1700,3HSPJ190411.8+362658,,286.04933,36.44944,98.8,3.14,-11.8,4FGL J1904.1+3627,2.1,2WHSPJ190411.8+362657
1706,3HSPJ191809.6+375313,,289.54017,37.88694,9.5,2.69,-11.6,4FGL J1918.1+3752,2.19,2WHSPJ191809.6+375312
1707,3HSPJ192024.9+693537,,290.10392,69.59361,9.6,0.03,-13,,,2WHSPJ192024.9+693536
1709,3HSPJ192242.3-745356,,290.67625,-74.89889,13.7,0.16,-11.8,4FGL J1922.5-7453,2.22,2WHSPJ192242.2-745356
1713,3HSPJ192527.1-722044,,291.36308,-72.34556,,0.09,-11.9,,,2WHSPJ192527.1-722044
1717,3HSPJ193412.8-241920,,293.55321,-24.32222,19.2,0.86,-11.4,4FGL J1934.3-2419,1.59,2WHSPJ193412.7-241919
1718,3HSPJ193419.6+600139,,293.58175,60.0275,19.0,0.08,-12,4FGL J1934.2+6002,2.14,2WHSPJ193419.6+600139
1719,3HSPJ193517.6+751933,,293.82333,75.32583,5.3,0.1,-12.4,,,2WHSPJ193517.5+751932
1721,3HSPJ193804.6-380117,,294.51896,-38.02139,11.4,0.05,-12.3?,,,2WHSPJ193804.5-380117
1723,3HSPJ194333.8-053353,,295.89083,-5.56472,7.1,0.23,>-11.8,3FGL J1944.0-0535,2.35,2WHSPJ194333.7-053352
1724,3HSPJ194356.2+211822,,295.98433,21.30611,103.5,2.45,-11,4FGL J1944.0+2117,1.43,2WHSPJ194356.2+211821
1725,3HSPJ194422.4-452331,,296.09333,-45.39194,67.3,0.42,-11.6,4FGL J1944.4-4523,1.56,2WHSPJ194422.3-452330
1726,3HSPJ194455.2-214319,,296.22983,-21.72194,42.2,0.35,-12,4FGL J1944.9-2143,1.85,2WHSPJ194455.0-214318
1727,3HSPJ194615.3-520848,,296.56371,-52.14667,95.3,0.1,-12.2,,,2WHSPJ194615.1-520848
1728,3HSPJ194934.2+090653,,297.3925,9.11472,28.2,0.05,-11.6,4FGL J1949.5+0906,2.47,2WHSPJ194934.1+090652
1729,3HSPJ195021.9+604753,,297.59117,60.79806,6.9,0.17,-12.1,,,2WHSPJ195020.9+604750
1730,3HSPJ195134.9-154930,,297.89529,-15.825,6.4,0.14,-12.1,,,2WHSPJ195134.7-154929
1731,3HSPJ195500.7-160338,,298.75271,-16.06056,24.8,0.33,-11.7,4FGL J1955.1-1604,2.05,2WHSPJ195500.5-160338
1732,3HSPJ195502.8-564028,,298.76187,-56.67444,8.4,0.25,-11.5,4FGL J1954.9-5640,1.88,2WHSPJ195502.8-564027
1733,3HSPJ195547.9+021512,,298.94942,2.25333,32.1,0.33,-11.4,4FGL J1955.7+0214,1.93,2WHSPJ195547.8+021511
1734,3HSPJ195755.0-241950,,299.47925,-24.33056,106.9,0.2,-11.9,,,2WHSPJ195755.0-241950
1738,3HSPJ195945.7-472519,,299.94025,-47.42194,23.8,0.46,-11.4,4FGL J1959.7-4725,1.81,2WHSPJ195945.5-472518
1740,3HSPJ200053.9-364226,,300.22479,-36.70722,3.6,0.12,-12.2,,,2WHSPJ200054.0-364226
1742,3HSPJ200204.2-573645,,300.51742,-57.6125,18.0,0.13,-11.7,4FGL J2001.9-5737,1.94,2WHSPJ200204.0-573644
1743,3HSPJ200213.7-583736,,300.557,-58.62667,37.2,0.09,-12.2,,,2WHSPJ200213.6-583736
1745,3HSPJ200245.4+630233,,300.68908,63.0425,11.6,0.22,-12.1,4FGL J2002.6+6302,2.13,2WHSPJ200245.3+630232
1747,3HSPJ200632.1+635549,,301.63667,63.93028,5.5,0.08,-12.4,,,2WHSPJ200632.8+635549
1749,3HSPJ201002.9-244737,,302.51221,-24.79361,29.7,0.08,-12.3,,,2WHSPJ201002.8-244736
1750,3HSPJ201201.0-771219,,303.00408,-77.20528,9.6,0.18,-12,1BIGB_J201200.9-771219,2.07,2WHSPJ201200.9-771219
1757,3HSPJ201924.7+712624,,304.85308,71.44,15.8,0.08,-11.9,,,2WHSPJ201924.7+712623
1759,3HSPJ202429.4-084804,,306.12238,-8.80111,37.1,0.72,-11.8,4FGL J2024.4-0847,1.7,2WHSPJ202429.2-084803
1760,3HSPJ202630.8+764448,,306.62829,76.74667,6.4,0.28,-12,4FGL J2026.1+7645,1.84,2WHSPJ202630.7+764448
1766,3HSPJ203057.1+193612,,307.738,19.60333,56.8,0.22,-11.8,4FGL J2030.9+1935,1.83,2WHSPJ203057.1+193611
1768,3HSPJ203156.1-345850,,307.98371,-34.98056,14.6,0.09,-12.4,,,2WHSPJ203155.9-345850
1769,3HSPJ203451.1-420038,,308.71283,-42.01056,,0.25,-11.6,4FGL J2034.8-4200,1.95,2WHSPJ203450.9-420038
1770,3HSPJ203508.6-471708,,308.786,-47.28556,84.9,0.08,-12.2,,,2WHSPJ203508.5-471708
1771,3HSPJ203649.5-332830,,309.20621,-33.475,3.5,0.36,-11.8,4FGL J2036.9-3329,1.3,2WHSPJ203649.3-332830
1773,3HSPJ203856.1-185916,,309.73625,-18.98778,3.8,0.08,-12.6,,,2WHSPJ203856.7-185916
1775,3HSPJ203941.1-422052,,309.92138,-42.34778,13.2,0.07,-12.4,,,2WHSPJ203941.0-422052
1776,3HSPJ204006.6-462018,,310.02758,-46.33833,41.3,0.2,-11.8,4FGL J2040.1-4621,1.78,2WHSPJ204006.5-462017
1777,3HSPJ204008.3-711459,,310.03446,-71.24972,494.2,0.68,-11.2,4FGL J2040.2-7115,1.8,2WHSPJ204008.2-711458
1778,3HSPJ204150.2-373339,,310.45929,-37.56083,125.0,0.65,-11.5,4FGL J2041.9-3735,1.78,2WHSPJ204150.2-373338
1779,3HSPJ204201.9-731913,,310.508,-73.32028,33.4,,-11.8,4FGL J2041.8-7319,2.21,2WHSPJ204201.9-731913
1781,3HSPJ204600.5-343017,,311.50225,-34.50472,13.0,0.14,-12.3,,,2WHSPJ204600.4-343016
1782,3HSPJ204735.1+793800,,311.89608,79.63333,9.8,0.03,-12.8,,,2WHSPJ204734.9+793759
1789,3HSPJ205637.1+221845,,314.15458,22.3125,109.5,0.12,-12.3,,,2WHSPJ205637.0+221845
1791,3HSPJ205846.7-144304,,314.69475,-14.71778,147.0,,-12.2,4FGL J2058.8-1442,1.97,2WHSPJ205846.6-144304
1793,3HSPJ210050.6-430532,,315.21096,-43.09222,20.5,0.12,-12.5,,,2WHSPJ210050.5-430531
1794,3HSPJ210123.1-454949,,315.34608,-45.83028,248.1,,-11.4,,,2WHSPJ210122.9-454949
1795,3HSPJ210123.9+091324,,315.34942,9.22333,54.8,0.2,-11.8,4FGL J2101.3+0912,2.05,2WHSPJ210123.8+091323
1796,3HSPJ210338.4-623225,,315.90992,-62.54028,83.5,0.12,-11.3,4FGL J2103.8-6233,1.98,2WHSPJ210338.2-623225
1797,3HSPJ210415.9+211808,,316.06633,21.30222,14.7,0.09,-12,4FGL J2104.4+2116,2.05,2WHSPJ210415.9+211807
1798,3HSPJ210421.9-021238,,316.09138,-2.21056,14.1,0.21,-11.7,4FGL J2104.3-0212,1.52,2WHSPJ210421.8-021238
1799,3HSPJ210451.1+050320,,316.21271,5.05556,137.2,0.16,-11.8,,,2WHSPJ210450.9+050320
1800,3HSPJ210721.2-145418,,316.83821,-14.905,37.5,0.22,-12.1,,,2WHSPJ210721.1-145417
1803,3HSPJ211011.2-861847,,317.54658,-86.31306,25.1,0.08,-12,4FGL J2109.8-8618,1.74,2WHSPJ211011.1-861847
1804,3HSPJ211207.5-144412,,318.03112,-14.73667,35.3,0.26,-12.1,,,2WHSPJ211207.3-144412
1805,3HSPJ211243.0+081835,,318.17917,8.30972,23.5,0.88,-11.9,4FGL J2112.7+0819,1.81,2WHSPJ211243.0+081834
1806,3HSPJ211349.1+082501,,318.45667,8.41694,68.6,0.14,-12.2,,,2WHSPJ211349.6+082500
1807,3HSPJ211353.1+133017,,318.47379,13.50472,68.9,0.24,-12,,,2WHSPJ211353.6+133016
1808,3HSPJ211355.6-015540,,318.48179,-1.92778,45.7,0.06,-12.2,,,2WHSPJ211355.6-015540
1809,3HSPJ211501.0-005641,,318.75587,-0.94472,17.2,0.09,-12.5,,,2WHSPJ211501.3-005640
1811,3HSPJ211544.1-012545,,318.93362,-1.42917,4.8,0.28,-12.1,,,2WHSPJ211543.9-012545
1812,3HSPJ211605.0+251200,,319.02092,25.2,6.8,0.02,-12.5,,,2WHSPJ211604.9+251159
1814,3HSPJ211754.1-324328,,319.47879,-32.72444,22.6,0.11,-12.2,4FGL J2117.8-3243,2.31,2WHSPJ211754.8-324327
1815,3HSPJ212125.5-831914,,320.35617,-83.32056,6.5,0.1,-12.4,,,2WHSPJ212125.3-831914
1816,3HSPJ212233.8+192527,,320.64067,19.42417,5.0,0.05,-12.4,,,2WHSPJ212233.7+192527
1819,3HSPJ212840.0-194152,,322.1665,-19.69778,86.5,0.12,-12.3,,,2WHSPJ212839.9-194152
1821,3HSPJ213004.8-563222,,322.51987,-56.53944,11.0,0.04,-12.5,,,2WHSPJ213004.6-563221
1825,3HSPJ213306.0-281536,,323.27625,-28.26,83.3,0.09,-12.1,,,2WHSPJ213306.3-281536
1828,3HSPJ213448.2-164205,,323.70092,-16.70139,6.0,,-12.6,,,2WHSPJ213448.1-164205
1829,3HSPJ213510.9+224307,,323.79546,22.71861,21.0,0.11,-12.6,,,2WHSPJ213510.9+224306
1830,3HSPJ213818.4-352204,,324.57646,-35.36778,11.7,,-12.5,,,2WHSPJ213818.3-352204
1833,3HSPJ214130.9+211526,,325.37871,21.25722,26.8,0.22,-12.3,,,2WHSPJ214130.7+211525
1834,3HSPJ214226.5+365949,,325.61037,36.99694,8.8,0.97,-11.5,4FGL J2142.4+3659,1.97,2WHSPJ214226.4+365948
1837,3HSPJ214255.6-391312,,325.73179,-39.22,8.0,0.04,-12.6,,,2WHSPJ214255.6-391311
1838,3HSPJ214410.0-195600,,326.04175,-19.93333,41.9,0.11,-12.4,,,2WHSPJ214410.0-195559
1840,3HSPJ214442.1-181800,,326.17538,-18.3,37.3,0.21,-12.2,,,2WHSPJ214442.0-181800
1841,3HSPJ214453.4-185725,,326.22233,-18.95694,44.6,0.08,-12.7,,,2WHSPJ214453.2-185724
1845,3HSPJ214609.1+850148,,326.54,85.03,26.4,0.23,-11.9,,,2WHSPJ214609.6+850148
1848,3HSPJ214924.0-563112,,327.35004,-56.52,11.2,0.05,-12.5,,,2WHSPJ214924.0-563112
1849,3HSPJ215006.4-044130,,327.52646,-4.69167,6.9,0.13,-12.5,,,2WHSPJ215006.3-044130
1850,3HSPJ215006.8-245723,,327.52842,-24.95639,29.0,0.05,-12.3,,,2WHSPJ215006.7-245723
1855,3HSPJ215258.4+172459,,328.24329,17.41639,12.9,0.06,-12.6,,2.18,2WHSPJ215258.3+172459
1857,3HSPJ215355.1-295444,,328.48254,-29.91222,15.4,0.23,-12.3,,,2WHSPJ215355.8-295443
1859,3HSPJ215511.6-253755,,328.79854,-25.63194,12.2,0.15,-12.3?,,,2WHSPJ215511.5-253754
1860,3HSPJ215601.6+181837,,329.00683,18.31028,33.3,0.51,-11.7,4FGL J2156.0+1818,1.91,2WHSPJ215601.6+181837
1864,3HSPJ220031.3+003541,,330.13046,0.59472,5.1,0.16,-12.5,,,2WHSPJ220031.3+003540
1865,3HSPJ220107.3-590640,,330.28054,-59.11111,34.2,0.34,-11.8,1BIGB_J220107.3-590639,1.85,2WHSPJ220107.3-590639
1866,3HSPJ220123.8+294934,,330.34925,29.82611,6.8,0.24,-12.4,FL8Y J2201.6+2953,,2WHSPJ220123.8+294933
1867,3HSPJ220146.9-145439,,330.44558,-14.91083,35.1,0.11,-12.4,,,2WHSPJ220146.9-145438
1870,3HSPJ220451.0-181536,,331.21379,-18.26,38.6,0.17,-11.9,,,2WHSPJ220451.3-181536
1872,3HSPJ220941.7-045110,,332.42371,-4.85278,25.0,0.11,-12,4FGL J2209.7-0451,1.27,2WHSPJ220941.5-045110
1873,3HSPJ221029.7+362159,,332.62367,36.36639,28.7,0.4,-12,1BIGB_J221029.5+362159,2.08,2WHSPJ221029.5+362159
1878,3HSPJ221405.0+393857,,333.52104,39.64917,6.1,0.21,-12.1,,,2WHSPJ221404.9+393857
1881,3HSPJ221919.9-323033,,334.83308,-32.50917,11.4,0.13,-12.1?,,,2WHSPJ221919.9-323033
1882,3HSPJ222028.7+281355,,335.11967,28.23194,48.9,0.33,-12,4FGL J2220.5+2813,1.83,2WHSPJ222028.6+281354
1886,3HSPJ222425.0+035458,,336.10404,3.91611,40.8,0.08,-12.3,4FGL J2224.5+0353,1.6,2WHSPJ222424.9+035457
1887,3HSPJ222512.7+113600,,336.30271,11.6,9.8,0.14,-12.3,,,2WHSPJ222512.6+113559
1888,3HSPJ222610.9-840622,,336.54562,-84.10611,44.2,,-12.2,,,2WHSPJ222610.9-840621
1889,3HSPJ222636.5+021037,,336.65188,2.17694,17.6,0.21,-12,4FGL J2226.6+0210,1.73,2WHSPJ222636.4+021036
1890,3HSPJ222906.3-313020,,337.27608,-31.50556,5.0,0.05,-12.9,,,2WHSPJ222906.1-313020
1891,3HSPJ223245.1-004032,,338.18962,-0.67556,28.3,0.19,-12.3,,,2WHSPJ223245.4-004032
1892,3HSPJ223248.8-202226,,338.20333,-20.37389,12.5,0.89,-11.7,4FGL J2232.6-2023,2.08,2WHSPJ223248.7-202226
1894,3HSPJ223626.3+370713,,339.10975,37.12028,56.9,,-11.8,4FGL J2236.6+3706,1.84,2WHSPJ223626.2+370713
1901,3HSPJ224340.0-123059,,340.91792,-12.51639,10.7,0.74,-11.6?,4FGL J2243.7-1231,2.14,2WHSPJ224339.6-123100
1903,3HSPJ224435.0-723314,,341.14571,-72.55389,8.4,,-12.3,,,2WHSPJ224434.9-723314
1907,3HSPJ224642.1-520640,,341.67533,-52.11111,11.5,1.72,-11.2,4FGL J2246.7-5207,1.44,2WHSPJ224641.9-520639
1908,3HSPJ224728.0-545206,,341.86658,-54.86833,19.9,0.22,-12.4?,,,2WHSPJ224727.8-545205
1912,3HSPJ224833.3+322334,,342.13892,32.39278,17.6,0.11,-12.4,,,2WHSPJ224833.3+322334
1917,3HSPJ225240.8+162755,,343.17013,16.46528,4.4,,-12.6,,,2WHSPJ225240.8+162755
1919,3HSPJ225441.8+293436,,343.67437,29.57667,26.2,,-12.4,,,2WHSPJ225441.8+293436
1922,3HSPJ225636.1-554709,,344.15021,-55.78583,7.7,0.09,-12.3,,,2WHSPJ225635.9-554713
1924,3HSPJ230012.4+405225,,345.05154,40.87361,15.1,0.67,-11.7,4FGL J2300.1+4053,1.51,2WHSPJ230012.2+405224
1925,3HSPJ230039.7-533111,,345.16554,-53.51972,9.0,0.18,-12.2?,,,2WHSPJ230039.7-533110
1926,3HSPJ230327.4-520033,,345.86421,-52.00917,11.3,,-12.7,,,2WHSPJ230327.4-520033
1927,3HSPJ230329.9+032156,,345.87454,3.36556,3.9,0.09,-12.3,,,2WHSPJ230329.8+032156
1928,3HSPJ230344.6-043856,,345.93575,-4.64889,74.2,0.24,-12.3,,,2WHSPJ230344.5-043856
1930,3HSPJ230525.8+294811,,346.35742,29.80306,6.5,0.09,-12.3,,,2WHSPJ230525.6+294811
1931,3HSPJ230527.0-674304,,346.3625,-67.71778,11.3,0.05,-12.7,,,2WHSPJ230526.9-674304
1933,3HSPJ230717.3-423616,,346.82225,-42.60444,14.2,0.41,-12.2?,,,2WHSPJ230717.2-423615
1935,3HSPJ230814.9-160446,,347.06204,-16.07944,9.5,,-12.2,,,2WHSPJ230814.8-160445
1938,3HSPJ230940.8-363248,,347.42013,-36.54667,,0.37,-11.6,4FGL J2309.7-3632,1.85,2WHSPJ230940.8-363248
1939,3HSPJ231011.8-105903,,347.54921,-10.98417,21.1,0.18,-12.2,,,2WHSPJ231011.8-105903
1940,3HSPJ231023.4+311949,,347.59738,31.33028,7.4,0.07,-12.5,,,2WHSPJ231023.2+311949
1944,3HSPJ231305.1-600522,,348.27417,-60.08944,11.5,0.15,-12.3,,,2WHSPJ231305.8-600521
1945,3HSPJ231306.5-550407,,348.27692,-55.06861,93.0,,-12.5,,,2WHSPJ231306.4-550406
1946,3HSPJ231323.1+402816,,348.34792,40.47111,4.4,0.13,-11.8,,,2WHSPJ231323.5+402810
1947,3HSPJ231347.9-692331,,348.44946,-69.39194,12.2,0.51,-11.8,4FGL J2313.4-6922,1.8,2WHSPJ231347.8-692330
1950,3HSPJ231732.0-453359,,349.38321,-45.56639,39.9,0.18,-11.8,4FGL J2317.4-4533,2.19,2WHSPJ231731.9-453359
1951,3HSPJ231752.1-144324,,349.46962,-14.72333,24.6,0.14,-11.9,,,2WHSPJ231752.6-144323
1952,3HSPJ231827.2+070124,,349.61333,7.02333,5.9,0.04,-12.8,,,2WHSPJ231827.1+070123
1957,3HSPJ232039.8-630918,,350.16604,-63.155,37.6,0.52,-11.7,4FGL J2321.0-6308,1.71,2WHSPJ232039.7-630918
1958,3HSPJ232110.9-121601,,350.2955,-12.26694,14.7,0.2,-12.2,,,2WHSPJ232110.9-121600
1971,3HSPJ233016.2-233641,,352.56733,-23.61139,9.9,0.05,-12.4,4FGL J2330.3-2332,2.22,2WHSPJ233016.0-233641
1972,3HSPJ233113.0-030130,,352.80404,-3.025,12.5,0.21,-12.3,4FGL J2331.5-0258,2.17,2WHSPJ233112.8-030129
1973,3HSPJ233207.7-025245,,353.03188,-2.87917,5.5,0.06,-12.3,,,2WHSPJ233207.6-025245
1974,3HSPJ233250.6+452937,,353.21104,45.49361,53.1,0.2,-12.1,,,2WHSPJ233250.5+452936
1975,3HSPJ233252.2-052142,,353.21746,-5.36167,11.0,0.14,-12.4?,,,2WHSPJ233252.0-052142
1976,3HSPJ233339.5-252710,,353.41467,-25.45278,7.2,0.2,-12.1?,,,2WHSPJ233339.4-252710
1977,3HSPJ233352.4-241659,,353.46825,-24.28306,6.4,0.15,-12.5,,,2WHSPJ233352.3-241659
1978,3HSPJ233404.0+084725,,353.51671,8.79028,90.5,,-12.2?,,,2WHSPJ233404.0+084725
1980,3HSPJ233630.5-635634,,354.12713,-63.94278,37.2,0.08,-12.1,,,2WHSPJ233630.4-635634
1981,3HSPJ233653.8-232626,,354.224,-23.44056,94.5,0.14,-12.4,,,2WHSPJ233653.6-232626
1982,3HSPJ233859.2+025109,,354.7465,2.8525,30.1,0.13,-12.4,4FGL J2339.6+0242,2.58,2WHSPJ233859.0+025109
1984,3HSPJ233920.9-740435,,354.83704,-74.07639,52.3,0.34,-11.9,4FGL J2339.2-7403,1.89,2WHSPJ233920.8-740435
1985,3HSPJ234042.9+385511,,355.17858,38.91972,11.6,0.12,-12.2,4FGL J2340.5+3854,1.92,2WHSPJ234042.7+385510
1986,3HSPJ234043.8-462112,,355.18258,-46.35333,43.8,,-12.2,,,2WHSPJ234043.8-462111
1988,3HSPJ234238.6+361838,,355.66088,36.31056,10.9,,-12.2,,,2WHSPJ234238.5+361838
1989,3HSPJ234331.7+783143,,355.882,78.52861,6.2,0.08,-12.1,,,2WHSPJ234331.6+783142
1994,3HSPJ234754.8-663045,,356.97846,-66.5125,13.7,,-12.4,,,2WHSPJ234754.7-663045
1995,3HSPJ234857.3-312217,,357.23888,-31.37139,4.7,0.03,-13,,,2WHSPJ234857.2-312217
1997,3HSPJ235013.6+015146,,357.55658,1.86278,15.2,0.16,-12.3,,,2WHSPJ235013.4+015146
2000,3HSPJ235034.0-300604,,357.64292,-30.10111,39.1,0.27,-12.2,4FGL J2350.6-3005,2.08,2WHSPJ235034.3-300603
2001,3HSPJ235116.1-760015,,357.81721,-76.00417,68.1,,-12.2,4FGL J2351.3-7559,1.69,2WHSPJ235116.0-760015
2005,3HSPJ235725.1-171234,,359.35471,-17.20944,7.9,0.03,-12.6,,1.8,2WHSPJ235725.0-171233
2010,3HSPJ235917.0+021520,,359.821,2.25556,5.0,0.1,-12.7,,,2WHSPJ235916.9+021520
2012,3HSPJ235921.3-131129,,359.83892,-13.19139,30.4,0.07,-12.7,,,2WHSPJ235921.3-131129
2013,3HSPJ235955.0+314600,,359.98042,31.76667,23.7,,-12,,,2WHSPJ235955.3+314600
